No,Wisata,Label (int),Label (str),Alamat,Kab/Kota,Provinsi,Harga,Image URL,Deskripsi
1,Kebun Teh Wonosari,11,Kebun,"Ds. Toyomarto, Kec. Singosari",Kab. Malang,Jawa Timur,Rp50.000,https://yawisata.com/wp-content/uploads/2023/02/kebun-teh-wonosari-lawang.jpg.webp,"Kebun teh Wonosari dapat diibaratkan pengganti wisata puncak bagi masyarakat Jawa Timur, terutama yang bertempat tinggal di wilayah Malang. Keindahan panorama kebun Teh Wonosari tak kalah menakjubkan dengan wisata Puncak di Bogor. Hanya saja Puncak Bogor lebih populer ditelinga masyarakat. Seperti di ketahui, kota Malang merupakan kota yang ada di wilayah dataran tinggi, sehingga iklim yang dingin dan sejuk sangat sayang untuk dilewatkan ketika berada disini. Kebun teh Wonosari menawarkan pemandangan hijau yang memanjakan mata bagi para pengunjung yang datang. Kebun ini berdiri di atas lahan seluas 1.14 hektar, dan menjadi satu-satunya kebun teh di Jawa Timur yang diolah sebagai obyek wisata."
2,Coban Jahe,9,Air Terjun,"Ds. Tajinan, Kec. Jabung",Kab. Malang,Jawa Timur,Rp10.000,https://cdn.tmpo.co/data/2019/11/19/id_890519/890519_720.jpg,"Coban Jahe Malang adalah salah satu air terjun indah yang berada di Desa Begawan, dari nama desa itulah coban ini juga terkenal dengan nama Air Terjun Begawan. Coban atau Air terjun ini memiliki ketinggian mencapai 45 meter. Air Terjun Jahe ini memiliki debit air yang cukup deras dan membentang bagaikan tirai. Pokoknya Coban Jahe Waterfall memiliki banyak pesona yang dapat dinikmati wisatawan."
3,Pantai Pulau Merah,2,Pantai ,"Ds. Sumberagung, Kec. Pesanggaran",Kab. Banyuwangi,Jawa Timur,Rp8.000,https://www.alisson.id/wp-content/uploads/2020/02/IMG_0006-4.jpg,"Pulau Merah atau Pulo Merah ( Red Island dalam Bahasa Inggris) adalah objek wisata pantai yang terletak di Kecamatan Pesanggaran, Kabupaten Banyuwangi, Provinsi Jawa Timur. Di pantai ini terdapat sebuah bukit hijau kecil dengan tanah berwarna merah yang terletak di dekat bibir pantai. Bukit tersebut dapat dikunjungi dengan berjalan kaki saat air laut surut.[1] Di Pulau Merah terdapat Pura yang digunakan pemeluk agama Hindu melaksanakan ibadah ataupun upacara Mekiyis. Kawasan wisata ini dikelola oleh Perum Perhutani Unit II Jawa Timur, KPH Banyuwangi Selatan."
4,Meru Betiri,13,Peternakan ,"Ds. Andongrejo, Kec. Sumbersari",Kab. Jember,Jawa Timur,Rp7.500,https://akcdn.detik.net.id/visual/2015/02/25/d4758eb2-5ca6-4aaa-88cd-b98924cca241_169.jpg?w=650,"Taman Nasional Meru Betiri, atau yang disingkat TNMB menjadi salah-satu Taman Nasional yang ada di Indonesia yang sangat bersejarah, dan sangat penting bagi kelestarian beberapa flora, dan fauna.Taman Nasional Meru Betiri melindungi hewan yang statusnya mulai terancam punah, seperti: Macan tutul, Penyu, Elang jawa, Serta beberapa tanaman – tanaman yang statusnya juga mulai terancam punah. Pada akhirnya Kawasan Taman Nasional Meru Betiri menjadi salah-satu rumah yang nyaman bagi hewan, dan tumbuhan – tumbuhan tersebut."
5,Air Terjun Madakaripura,9,Air Terjun,"Ds. Sapih, Kec. Lumbang",Kab. Probolinggo,Jawa Timur,Rp22.000,https://upload.wikimedia.org/wikipedia/commons/9/91/Waterfall_Madakaripura_A.JPG,"Air terjun Madakaripura adalah sebuah air terjun yang terletak di Kabupaten Probolinggo, Provinsi Jawa Timur. Air terjun setinggi 200 meter ini merupakan air terjun tertinggi di Pulau Jawa dan tertinggi kedua di Indonesia. Air terjun ini adalah salah satu air terjun di kawasan Taman Nasional Bromo Tengger Semeru tepatnya di lereng Gunung Bromo. Air terjun Madakaripura berada di ujung lembah sempit dan berbentuk ceruk yang dikelilingi tebing-tebing curam yang meneteskan air pada seluruh bidang tebingnya seperti layaknya sedang hujan, 3 di antaranya bahkan mengucur deras membentuk air terjun lagi. Nama air terjun yang berada di ketinggian 1.000 Mdpl ini berasal dari kata Madakaripura, tanah perdikan milik mahapatih Gajah Mada dari kerajaan Majapahit. Air Terjun Madakaripura juga kerap disebut Air Terjun Abadi. Hal itu karena air yang dialirkan oleh air terjun ini selalu melimpah dan tak pernah berkurang debitnya."
6,Coban Rondo,9,Air Terjun,"Ds. Pandesari, Kec. Pujon",Kab. Malang,Jawa Timur,Rp40.000,https://asset.kompas.com/crops/I7oFQpIqNNTHErjAoGMfvNL3asg=/0x0:1149x766/750x500/data/photo/2021/08/25/6126168e3be6b.jpg,"Coban Rondo ini merupakan air terjun yang miliki ketinggian 84 meter dan merupakan salah satu tempat wisata yang menyajikan panorama alam dengan air terjunnya yang indah. Tempat wisata air terjun Coban Rondo ini terletak di Kecamatan Pujon yang dekat dengan Kota Batu, Kabupaten Malang. Air terjun Coban Rondo ini memiliki ketinggian kira-kira 1.135 meter diatas permukaan laut, dan sumber mata airnya terletak di kaki lereng Gunung Kawi yang tidak jauh dari kawasan Coban Rondo itu sendiri. Dalam sejarahnya, nama Coban Rondo ini memiliki sejarahnya sendiri mengapa bisa dinamakan Coban Rondo."
7,Coban Rais,9,Air Terjun,"Ds. Oro-Oro Ombo, Kec. Batu",Kota Batu,Jawa Timur,Rp20.000,https://dynamic-media-cdn.tripadvisor.com/media/photo-o/07/b7/4e/76/coban-rais-waterfall.jpg?w=1200&h=1200&s=1,"Coban Rais merupakan salah satu dari beberapa wisata Air Terjun lainnya yang terletak di kawasan Kota Batu. Coban Rais sendiri berlokasi di Dusun Dresel, Desa Oro-oro Ombo, Batu atau sekitar 3,5 km dari bumi perkemahan. Untuk menuju ke lokasi utama Air Terjun, Anda harus sedikit menguras energi, bersabar dan bersemangat dikarenakan jalan yang Anda lalui cukup jauh dan menantang. Tapi Anda tidak perlu khawatir karena setiap langkah menuju ke Coban Rais, Anda akan dipamerkan dengan keindahan alam hijau ditemani merdunya kicauan burung dan gemercik sungai hutan yang sangat eksotik. Bukan hanya itu, karena lokasinya yang berada di kawasan pegunungan dengan udara yang dingin menyejukkan semakin membuat perjalanan Anda tidak akan terasa bahkan akan membuat kesan tersendiri kepada para wisatawan. Setelah sampai di lokasi utama Coban Rais, disini Anda akan merasa seakan usaha Anda setelah menempuh perjalanan jauh tadi akan terbayarkan semua dan menjadi puncak kepuasana tersendiri bagi Anda. Bagaimana tidak, Air Terjun  dengan ketinggian sekitar 20 meter ini siap memikat perhatian siapa saja yang memandangnya dengan keindahan hempasan air dari atas tebing yang sangat menakjubkan."
8,Pantai Balekambang,2,Pantai ,"Ds. Srigonco, Kec. Bantur",Kab. Malang,Jawa Timur,Rp20.000,https://upload.wikimedia.org/wikipedia/commons/0/05/Balekambang_beach%2C_Pura_Amarta_Jati_in_the_middle_of_Ismoyo_island.jpg,"Pantai Balekambang adalah sebuah pantai di pesisir selatan yang terletak di tepi Samudra Indonesia secara administratif masuk wilayah Dusun Sumber Jambe, Desa Srigonco, Kecamatan Bantur, Kabupaten Malang, Jawa Timur dan merupakan salah satu wisata di Kabupaten Malang sejak 1985 hingga kini. Daya tarik Balekambang utamanya tentu panorama alam, gelombang ombak yang memanjang hampir dua kilometer, serta hamparan pasir nan luas. Area pasir putih terlihat bersih dari sampah maupun kotoran sehingga cukup nyaman bagi pengunjung untuk bermain dan berolahraga. Bahkan tak jarang di pantai ini menjadi tempat latihan sejumlah klub sepak bola seperti Arema dan Persema."
9,Pantai Teluk Asmara,2,Pantai ,"Ds. Sitiarjo, Kec. Sumbermanjing",Kab. Malang,Jawa Timur,Rp15.000,https://asset.kompas.com/crops/YqWnAXvgKhpA8VFji9iAViw6fqs=/0x383:640x809/750x500/data/photo/2022/10/25/635790c3c703f.jpg,"Pantai Teluk Asmara atau Teluk Asmoro merupakan salah satu destinasi wisata di Malang, Jawa Timur. Pantai ini dikelilingi hamparan pasir putih dan pulau-pulau kecil yang tersebar di sekelilingnya. Banyak wisatawan yang menjulukinya sebagai miniatur dari Raja Ampat di Pulau Jawa. Objek wisata pantai Teluk Asmara diresmikan pada April 2017. Dinamakan demikian karena bentuk bukit kapur yang mengelilingi pantai ini menyerupai bentuk hati. Mengunjungi wisata ini, wisatawan dapat merasakan sensasi berlibur di pantai pribadi yang tenang."
10,Pantai Tiga Warna,2,Pantai ,"Ds. Sitiarjo, Kec. Sumbermanjing",Kab. Malang,Jawa Timur,Rp10.000,https://media.suara.com/pictures/970x544/2021/06/12/60907-pantai-tiga-warna-instagram-atpantaitigawarna.jpg,"Pantai Tiga Warna merupakan salah satu pantai yang berada di dalam kawasan CMC (Clungup Mangrove Conservation). Dan menjadi pilihan wisata pantai lain ketika berada di Malang. Pantai ini memiliki keunikan tersendiri, hal tersebut bisa dilihat dari namanya. Dimana pantai ini memiliki gradasi warna yang berbeda-beda, dan terlihat sangat cantik dari ketinggian. Karena berada di kawasan konservasi, kebersihan dan keasriannya pun sangat terjaga dengan baik sama halnya seperti Pantai Clungup."
11,Mata Air Sumber Sirah,10,Sungai,"Ds. Putukrejo, Kec. Gondanglegi",Kab. Malang,Jawa Timur,Rp5.000,https://assets.ayobandung.com/crop/0x0:0x0/750x500/webp/photo/2022/08/24/2088503634.jpg,"Sumber Sira atau Sirah adalah mata air dan kemudian menjadi objek wisata yang menawarkan keindahan alam bawah air (underwater). Tempat wisata ini diklaim sebagai salah satu di antara dua objek wisata air tawar yang ada di Indonesia. Sejak resmi dibuka pada tahun 2015 sampai sekarang, Sumber Sira mampu menjadi representasi wisata desa mandiri Kabupaten Malang dan mampu menarik wisatawan dari berbagai daerah. Selain menjadi objek wisata rekreatif, Sumber Sirah telah lama dikenal sebagai tempat ziarah bagi orang-orang yang memiliki permintaan, semedi, atau ‘ngalap berkah’, sebagaimana sumber-sumber mata air di tempat lain. Di sana terdapat petilasan Syekh Sirojuddin atau biasa dikenal oleh masyarakat sekitar sebagai Mbah Siro. Syekh Sirojuddin merupakan tokoh agama sekaligus pembabat alas Desa Putukrejo. Tak hanya itu, Syekh Sirojuddin dipercaya oleh masyarakat sekitar sebagai sosok penjaga mata air Sumber Sira. Tak mengherankan jika kemudian mata air tersebut dinamakan Sumber Sira."
12,Bukit Nirwana,"1, 5","Gunung, Campsite","Ds. Pujon Kidul, Kec. Pujon",Kab. Malang,Jawa Timur,Rp10.000,https://asset.kompas.com/crops/vCwkYXh9Ulg-El8YJZijVG_49Ak=/0x47:1280x900/750x500/data/photo/2020/07/14/5f0d7a1b8a250.jpeg,"Bukit Nirwana merupakan salah satu tujuan rekreasi populer di Kabupaten Malang. Tempat wisata ini termasuk dalam kawasan Desa Pujon. Kawasan dataran tinggi ini memang menawarkan panorama alam yang cantik. Lokasinya pun dekat dengan kota, sehingga melejit sebagai destinasi wisata hits. Bukit Nirwana memadukan pesona alam asri perbukitan dengan tempat makan bergaya kekinian. Bukit yang dikelilingi pegunungan ini menyajikan tempat bercengkerama di tengah suasana sejuk. Wisatawan bisa menikmati keindahan alam sekaligus puas makan dan berfoto tanpa perlu membayar mahal."
13,Bukit Teletubbies Batu,1,Gunung,"Ds. Bumiaji, Kec. Bumiaji",Kota Batu,Jawa Timur,Rp25.000,https://lh3.googleusercontent.com/fn8AoERQoL5QtEjtRDchSFh4uZ4xF5QMB7vgu-XTNUVhTY4577rrwuzP5voR4HxPqLLQjshFMkeaWqiYDPZd0HNSxMflmqNJj7VzF21d_mg7eORXkTCL6bS2_KoUAVu9ijXZ14qqmRLbu_moLsc,"Wisata Bukit Teletubbies Bumiaji Batu adalah sebuah kawasan padang rumput hijau yang luas dengan view perbukitan di sekelilingnya. Di salah satu sisinya, terlihat ada penampakan Gunung Arjuno dan Gunung Kelud. Dulunya, tempat ini adalah kawasan khusus untuk memantau aktivitas vulkanik Gunung Kelud. Namun sekarang, fungsinya meluas menjadi sebuah spot wisata dengan panorama yang sangat instagramable. Disebut Tower karena berada di area tertinggi dibandingkan dengan daratan di sekitarnya. Kontur tanah berumputnya yang bergelombang membuat kawasan ini mirip sekali dengan bukit di serial Teletubbies."
14,Teluk Bidadari,2,Pantai ,"Ds. Bandungrejo, Kec. Bantur",Kab. Malang,Jawa Timur,Rp10.000,https://4.bp.blogspot.com/-GWNdZoSp7Bs/WOxFudpIzII/AAAAAAAAGts/XDW3XI-u5jo1qEbNFZLOx97qcHP8GlU9ACLcB/s640/teluk%2Bbidadari.jpg,Teluk Bidadari merupakan sebuah genangan air laut berbentuk lingkaran dengan warna air biru kehijauan. Letak teluk ini berada satu area dengan Pantai Mbehi. Pantai itu sendiri terdapat di kompleks Pantai Kondang Merak di pesisir Malang Selatan. Tempat ini sangat cocok untuk Anda yang ingin menghilangkan penat dari rutinitas sehari-hari. Salah satu daya tarik dari teluk bidadari ini yaitu adanya 2 buah kolam renang alami yang berukuran tidak terlalau besar dengan pemandangan karang yang indah yang bisa digunakan untuk sekedar menceburkan diri maupun sekedar bersantai di area kolam tersebut.
15,Coban Sewu,9,Air Terjun,"Ds. Sidorenggo, Kec. Ampelgading",Kab. Malang,Jawa Timur,Rp10.000,https://www.gotravelly.com/blog/wp-content/uploads/2018/06/coban-sewu-lumajang-jawa-timur.jpg,"Air Terjun Tumpak Sewu atau disebut juga Coban Sewu adalah sebuah air terjun berketinggian sekitar 120 meter. Air terjun ini berbatasan dengan Kabupaten Lumajang dan Kabupaten Malang, Provinsi Jawa Timur. Air Terjun Tumpak Sewu memiliki aliran air yang menyerupai tirai sehingga termasuk dalam tipe air terjun Tiered. Lokasi Air Terjun Tumpak Sewu ada di dalam sebuah lembah yang curam memanjang dengan elevasi 500 meter di atas permukaan air laut. Air Terjun Tumpak Sewu terbentuk di aliran Sungai Glidih yang berhulu di Gunung Semeru."
16,Air Terjun Supit Urang,9,Air Terjun,"Ds. Madiredo, Kec. Pujon",Kab. Malang,Jawa Timur,Rp0,https://liburmulu.com/wp-content/uploads/2016/07/Coban-Supit-Urang-Malang-by-@farahsfn.jpg,"ir Terjun Supit Urang merupakan salah satu tempat wisata yang berada di Kabupaten Malang. Masih belum banyak yang tahu tentang tempat ini karena memang letaknya yang tersembunyi. Berada di dalam kawasan Taman Hutan Raya R Soeryo, Desa Madiredo, Kecamatan Pujon, Kabupaten Malang, pengunjung harus trekking lumayan jauh demi mencapai air terjun ini. Tetapi tenang saja, semua akan terbayar dengan keindahan yang ada di tempat ini. Rute untuk ke tempat wisata ini sendiri sebenarnya cukup mudah untuk dicari. Jika dari Kota Malang langsung saja ambil ke arah Batu, lalu lanjutkan ke arah Pujon atau arah Kediri atau Jombang.Setelah sampai di Pujon, cari arah ke Desa Madiredo karena air terjun ini berada di sekitar desa tersebut. Air terjun ini masih sangat alami dan kerennya lagi, di area ini tidak cuma ada satu air terjun saja. Tetapi total ada tiga air terjun yang memiliki ketinggian yang berbeda-beda. Air terjun tersebut adalah Supit Urang, Coban Undak, dan Watu Talang. Sekali berkunjung, tiga air terjun didapati. Namun tentunya untuk menuju dua air terjun itu akan memerlukan sedikit perjuangan tambahan. Karena jarak dari Air Terjun Supit ke Coban Undak sekitar beberapa ratus meter. Sementara itu, untuk menuju ke air terjun terakhir atau Air Terjun Watu Talang perlu berjalan sedikit lebih jauh lagi."
17,Coban Sumber Pitu,9,Air Terjun,"Ds. Pujon Timur, Kec. Pujon",Kab. Malang,Jawa Timur,Rp5.000,https://www.nativeindonesia.com/foto/2020/11/Air-Terjun-Sumber-Pitu-Pujon.jpg,"Coban Sumber Pitu Tumpang salah satu wisata air terjun yang berlokasi di Desa Duwetkrajan, Kecamatan Tumpang, Malang. Disebut Air Terjun Sumber Pitu Karena berasal dari sumber mata air yang muncul di tujuh titik yang berlokasi berdekatan satu dengan yang lain. Yang unik dari dari sumber pitu ini adalah airnya yang keluar dari tanah langsung menyembur dari tebing dengan jumlah banyak dan berasal dari mata air yang muncul di tujuh titik yang hampir berdekatan.Dengan Debit sumber air di Sumber Pitu mencapai 1.600 L/detik sehingga banyak orang percaya bahwa sumber dan debit air yang keluar tersebut adalah sebuah sungai di bawah tanah. Masyarakat setempat percaya bahwa Sumber Pitu masih ada hubungannya dengan Gunung Bromo. Air terjun ini sering digunakan masyarakat dari luar desa sebagai tempat ritual."
18,Air Terjun Ciblungan,9,Air Terjun,"Ds. Sidorenggo, Kec. Ampelgading",Kab. Malang,Jawa Timur,Rp5.000,https://www.nativeindonesia.com/foto/2020/10/Keindahan-Coban-Ciblungan.jpeg,"Coban Ciblungan merupakan salah satu destinasi wisata di Kabupaten Malang yang bisa menjadi pilihan bagi para wisatawan. Coban Ciblungan adalah wisata air terjun yang pesona keindahannya benar-benar menakjubkan. Memiliki keunikan pada air terjunnya, selain itu juga keindahan alam di sekitarnya yang sangat indah menjadi kombinasi yang sangat eksotis. Coban Ciblungan ini sebenarnya masih belum terlalu dikenal banyak orang, namun mulai dikenal karena adanya pengunjung yang tertarik dengan keindahannya, sehingga mempopulerkannya melalui media sosial, terutama instagram. Air Terjun Ciblungan atau Coban Ciblungan ini memiliki keunikan, yaitu aliran air terjunnya yang tidak hanya satu aliran. Air terjun mengalir deras dari sungai di atas tebing, dan ada beberapa aliran lainya yang berasal dari dalam tanah. Jadi, nampak sangat unik karena air terjunnya ada beberapa yang terlihat. Ini menjadi pemandangan yang sangat menarik, bagi yang wisatawan, ini bisa menjadi spot yang bagus untuk berselfie. Air terjun yang unik ini bila difoto dengan teknik yang tepat, maka akan menghasilkan foto yang sangat bagus."
19,Boon Pring Andeman,3,Danau,"Ds. Sanankerto, Kec. Turen",Kab. Malang,Jawa Timur,Rp10.000,https://cdn-2.tstatic.net/surabaya/foto/bank/images/boon-pring-andeman_20180104_154424.jpg,"Ekowisata Boonpring Andeman merupakan satu tempat yang dipenuhi dengan berbagai macam jenis bambu. Diantarannya yaitu, bambu apus, bambu petung, bambu kuning dan masih banyak lagi jenis bambu yang lainnya yang biasanya para pengunjung berteduh di antara rumpun bambu yang membuat udara menjadi fresh dan alami. Dulunya objek wisata Boonpring Andeman ini berupa hutan bambu yang sebelumnya objek wisata ini bernama Taman Wisata Andeman. Nama dari Boonpring merupakan gabungan dua suku kata dalam Bahasa Inggris dan Jawa, yang artinya boon (anugerah) sedangkan pring (bambu). Kata boon itu sendiri merupakan rujukan pada lafal kata kebun yang berarti bun yang setelah itu dicarikan persamaan katanya dalam Bahasa Inggris yaitu boon."
20,The Secret Valley,"1,5",Gunung,"Ds. Gunungsari, Kec. Bumiaji",Kab. Malang,Jawa Timur,Rp200.000,https://img.cintamobil.com/2019/12/24/ZXn5Pos1/wisata-alam-di-malang-5-22c0.jpg,"Surga tersembunyi hadir di Kecamatan Bumiaji, Kota Batu. Beragam objek wisata alam disuguhkan dengan pemandangan eksotik yang memanjakan mata. Salah satunya lembah rahasia atau Secret Valley yang berada di Poh Kecik, Desa Gunungsari. Suguhan sunrise (matahari terbit) bisa dinikmati saat berwisata camp ground."
21,Sumber Banteng,10,Sungai,"Kel. Tempurejo, Kec. Pesantren",Kota Kediri,Jawa Timur,Rp3.000,https://www.superradio.id/wp-content/uploads/2020/07/IMG_20200711_082918.jpg,"Sumber Banteng merupakan sebuah tempat yang menyuguhkan kesegaran sumber mata air yang masih alami. Sumber Banteng berada di Kelurahan Tempurejo, Pesantren, Kota Kediri. Lokasinya tidak jauh dari Pabrik Gula (PG) Pesantren Kota Kediri.  Selain menikmati kesegaran sumbernya, para wisatawan juga dimanjakan dengan keindahan ikan koi, wahana flying fox, naik perahu.Wisata ini sangat cocok untuk anak-anak, karena di sumber ini terdapat seluncuran, selain itu juga terdapat warung-warung yang berjejer, menyuguhkan aneka makanan sembari berwisata."
22,Sumber Jiput,10,Sungai,"Kel. Rejomulyo, Kec. Kota",Kota Kediri,Jawa Timur,Rp0,https://assets.ayobandung.com/crop/0x0:0x0/750x500/webp/photo/2022/09/08/2144908147.jpg,"Salah satu obyek wisata keluarga yang ada di Kota Kediri adalah Sumber Jiput. Berlokasi di Jalan Sumber Jiput, Kelurahan Rejomulyo, Kecamatan/Kota Kediri. Dengan banyaknya pepohonan di sekitar lokasi sumber, membuat suasana di Sumber Jiput terasa sejuk dan rindang. Pengunjung juga bisa ikut memberi makan ikan yang ada dengan membeli pakan yang sudah disediakan. Wisata ini  sangat cocok untuk dikunjungi pada pagi atau sore hari dan melakukan jogging mengelilingi sumber pada jalur yang telah tersedia."
23,Museum Airlangga,4,Museum,"Kel. Pojok, Kec. Mojoroto",Kota Kediri,Jawa Timur,Rp2.000,https://museum.kemdikbud.go.id/storage/assets/images/museums/245/2020-09-04_5892.jpg,"Museum Airlangga adalah sebuah museum yang terletak di Jalan Lingkar Maskumambang, Kelurahan Pojok, Kecamatan Mojoroto, Kota Kediri, Provinsi Jawa Timur, Indonesia. Status museum ini ialah museum daerah. Fungsi khususnya adalah mengoleksi benda cagar budaya yang berasal dari alun-alun Kota Kediri."
24,Taman Hutan Joyoboyo Kediri,"6,13",Taman,"Kel. Banjaran, Kec Kota",Kota Kediri,Jawa Timur,Rp3.000,https://cdn.idntimes.com/content-images/community/2022/08/fromandroid-bb187270d00ec97d0ad4d20843efdc3c.jpg,"Hutan Joyoboyo berada di tengah Kota Kediri tepatnya di Kecamatan Kota Kediri, Kediri, Jawa Timur. Tempat ini merupakan Ruang Terbuka Hijau yang berdiri di atas lahan seluas 2,6 hektar. Tempat ini menjadi lokasi favorit warga Kediri untuk mengajak anak-anak bermain, berolahraga atau hanya sekedar bersantai ria bersama kawan. Layaknya sebuah hutan kota, Hutan Joyoboyo pun memiliki fungsi dasar sebagai paru-paru Kota Kediri."
25,Taman Sekartaji Kota,6,Taman,"Kel. Mojoroto, Kec. Mojoroto",Kota Kediri,Jawa Timur,Rp2.000,https://static.duta.co/wp-content/uploads/2017/10/3-taman-696x413.jpeg,"Taman Sekartaji merupakan wisata ruang terbuka di Kota Kediri. Konsep taman ini cenderung minimalis outdoor dan bergaya estetik ala Jepang. Ada berbagai fasilitas seperti WiFi zone, mushola, toilet, dan tempat parkir. Kalian gratis masuk ke taman ini dan hanya perlu membayar parkir saja. Taman Sekartaji kerap dijadikan tempat berbagai event outdoor seperti kumpul komunitas, event sekolah atau universitas, berbagai lomba, dan berbagai acara milik pemerintah setempat."
26,Taman Brantas,6,Taman,"Kel. Pocanan, Kec. Kota",Kota Kediri,Jawa Timur,Rp3.000,https://1.bp.blogspot.com/-npJlyq37qwQ/XXTOsRkDE1I/AAAAAAAADsE/0EgcFrj_TocnUd-12G7nhyATwkBQOiWYQCLcBGAs/s1600/IMG_20190908_164604.jpg,"Taman Brantas merupakan taman indah dengan pohon palem, jalan setapak, patung kontemporer di ruang terbuka, dan taman skate. Wisata ini berada di dekat Sungai Brantas dan di bawah jembatan baru Kota Kediri. Taman ini dijadikan sebagai salah satu landmark untuk mendukung pembangunan dari juga tagline yang diusung Kota Tahu ini yakni Kediri the service city ataupun Kediri sebagai kota jasa."
27,Kediri Memorial Park,6,Taman,"Kel. Banjaran, Kec. Kota",Kota Kediri,Jawa Timur,Rp2.000,https://radarkediri.jawapos.com/wp-content/uploads/2018/06/kota-kediri-kian-ramah-dengan-ruang-terbuka-hijau-2_m_82896.jpeg,"Taman ini berada tepat di depan Taman Makam Pahlawan Kota Kediri. Respon utama yang diberikan, utamanya adalah orientasi terhadap keberadaan abadi para pejuang, dimana semasa hayatnya merelakan jiwa dan raganya untuk meraih kemerdekaan. Elemen utama orientasi tersebut adalah keberadaan dinding tebal dan besar (belenggu), dimana terdapat bukaan/ celah yang merepresentasikan terbebasnya diri dari belenggu, merdeka untuk menentukan pilihan dan cita-cita (ruang-ruang dengan kualitas berbeda yang tercipta setelah melewati dinding tebal). Pencapaian dan sirkulasi antar ruang bersifat looping (tidak terputus) melambangkan perjuangan yang tidak pernah berhenti.. dari generasi ke generasi.. Kebebasan dengan tetap menghormati alam dan nilai.. harmoni dengan alam.. direpresentasikan dengan pohon besar eksisting yang berada di tengah (merupakan titik awal garis desain) sebagai hal yang harus selalu dijaga dan senantiasa menaungi.. Elemen air di depan adalah media untuk refleksi.. makna perjuangan dan kemerdekaan.. "
28,Taman Kota Tempurejo,6,Taman,"Kel.Tempurejo, Kec. Pesantren",Kota Kediri,Jawa Timur,Rp2.000,https://lh3.googleusercontent.com/p/AF1QipPQdH4wObsZM8T7UsJer-Y8jkfOIuxfYJ0JMxLk=s680-w680-h510,"Taman ini berada di wilayah Tempurejo dan sering juga disebut sebagai Taman Herbal, karena sebagian besar areanya ditanami dengan berbagai jenis tumbuhan obat. Selain berfungsi sebagai tempat edukasi bagi para siswa, tempat wisata ini juga menjadi destinasi wisata populer bagi masyarakat setempat yang ingin menghabiskan waktu dengan jogging atau memotret pemandangan indah yang tersedia di sekitar area Taman Herbal."
29,Taman Ngronggo Kediri,6,Taman,"Kel. Ngronggo, Kec. Kota",Kota Kediri,Jawa Timur,Rp2.000,https://hapraindonesia.co/wp-content/uploads/2022/02/IMG-20220213-WA0026-01.jpeg,"Taman ini terletak di Desa Ngronggo, Kecamatan Plosoklaten, Kediri, Jawa Timur. Dengan luas tanah sebesar 5 hektar, taman ini menawarkan pemandangan alam yang indah dengan nuansa hijau yang segar, serta berbagai macam fasilitas untuk rekreasi, seperti jogging track dan taman bermain anak. Taman wisata ini termasuk sangat populer karena memang tidak pernah benar-benar sepi dari pengunjung. Ada banyak orang yang sangat suka menikmati keindahan alam di sini."
30,Taman Hijau Simpang Lima Gumul,6,Taman,"Ds. Sukorejo, Kec. Ngasem",Kab. Kediri,Jawa Timur,Rp3.000,https://lh3.googleusercontent.com/p/AF1QipPy810JHKCK7XLhosqvrKry-_qFs-lyECDcwJEQ=s680-w680-h510,"Taman Hijau SLG Kediri menawarkan pesona keindahan taman ala zaman milenial yang disukai anak muda. Meski demikian, banyak juga keluarga yang membawa serta anak-anak untuk bermain di taman ini. Nama SLG sendiri diambil dari singkatan Simpang Lima Gumul yang menjadi ikon Kediri lantaran lokasi Taman Hijau SLG Kediri juga sangat dekat dengan area ini."
31,Gunung Kelud,1,Gunung,"Ds. Karangrejo, Kec. Ngancar",Kab. Kediri,Jawa Timur,Rp20.000,https://www.nativeindonesia.com/foto/wisata-gunung-kelud/dikelilingi-alam-yang-indah.jpg,"Gunung Kelud adalah sebuah gunung berapi di Jawa Timur yang hingga sekarang tergolong aktif. Secara geografis letak gunung ini berada di perbatasan antara Kabupaten Kediri, Kabupaten Blitar, dan Kabupaten Malang, namun secara administratif, gunung ini adalah milik Pemerintah Kabupaten Kediri. Lokasinya kira-kira 45 km sebelah timur pusat Kota Kediri dan 25 km sebelah utara pusat Kota Blitar."
32,Air Terjun Irenggolo,9,Air Terjun,"Ds. Jugo, Kec. Mojo",Kab. Kediri,Jawa Timur,Rp3.000,https://syakal.iainkediri.ac.id/wp-content/uploads/2021/03/Air-Terjun-Irenggolo-9-630x380-1.jpg,"Air terjun Irenggolo terletak di Jalan Besuki, Desa Jugo, Kecamatan Mojo, Kabupaten Kediri. Dari pusat kota Kediri, jarak yang perlu ditempuh sekitar 30 kilometer. Untuk sampai ke kawasan wisata air terjun Irenggolo, pengunjung bisa menggunakan moda transportasi apapun. Pasalnya, akses jalannya cukup baik. Air terjun Irenggolo memiliki ketinggian sekitar 80 meter. Sementara itu kemiringannya diperkirakan mencapai 45 derajat. Batu-batuan tempat air terjun mengalir memiliki bentuk unik yang serupa dengan anak tangga. Kawasan air terjun Irenggolo memiliki sejumlah fasilitas seperti toilet, tempat bermain anak, flying fox, dan kolam renang. Di sekitar lokasi air terjun banyak tanaman kopi jenis arabika milik petani lokal yang menambah indah kawasan wisata ini."
33,Air Terjun Dolo,9,Air Terjun,"Ds. Jugo, Kec. Mojo",Kab. Kediri,Jawa Timur,Rp3.000,https://ksmtour.com/media/images/articles16/air-terjun-dolo-kediri-jawa-timur.jpg,"Air Terjun Dolo adalah salah satu tempat wisata air terjun yang terletak di Dusun Besuki, Desa Jugo, Kecamatan Mojo, Kabupaten Kediri, Jawa Timur. Air terjun ini berada di bagian timur lereng Gunung Wilis, yang memiliki ketinggian 125 meter dan 1800 meter di atas permukaan laut."
34,Goa Selomangleng,17,Situs Purbakala,"Kel. Pojok, Kec. Mojoroto",Kota Kediri,Jawa Timur,Rp10.000,https://i1.wp.com/travelspromo.com/wp-content/uploads/2022/08/Area-sekitar-Goa-Selomangleng-kediri.jpg,"Goa Selomangleng ialah sebuah goa buatan yang dibentuk menggunakan batu andesit hitam, dan telah ada sejak zaman Raja Erlangga sang pendiri Kerajaan Kahuripan. Goa ini berada di kaki Gunung Klotok, sehingga menampilkan alam yang indah serta udara yang masih sejuk. Dan Goa Selomangleng termasuk wisata alam terbesar yang ada di Kota Kediri."
35,Candi Tegowangi,17,Situs Purbakala,"Ds. Tegowangi, Kec.Plemahan",Kab. Kediri,Jawa Timur,Rp3.000,https://sikidang.com/wp-content/uploads/Candi-Tegowangi-Kediri-Jawa-Timur.jpg,"Candi Tegowangi merupakan candi yang terletak di Desa Tegowangi, Kecamatan Plemahan, Kabupaten Kediri, Jawa Timur, Indonesia. Menurut Kitab Pararaton, candi ini merupakan tempat Pendharmaan Bhre Matahun. Sedangkan dalam kitab Negarakertagama dijelaskan bahwa Bhre Matahun meninggal tahun 1388 M. Maka diperkirakan candi ini dibuat pada tahun 1400 M dimasa Majapahit karena pendharmaan seorang raja dilakukan 12 tahun setelah raja meninggal dengan upacara srada."
36,Candi Surowono,17,Situs Purbakala,"Ds. Canggu, Kec. Badas",Kab. Kediri,Jawa Timur,Rp3.000,https://www.tempatwisata.pro/media/uploads/3088/604b5863e1ba882834ed5015e7985693.jpg,"Candi Surowono merupakan sebuah candi Hindu dari jaman Kerajaan Majapahit, berukuran kecil namun dengan relief cantik, yang berada di Desa Canggu, Kecamatan Pare, ± 28 Km dari Kota Kediri atau 105 km (2,5 jam) dari Surabaya. Candi Surowono diperkirakan dibangun pada tahun 1390 M sebagai tempat pendharmaan bagi Wijayarajasa, Bhre Wengker."
37,Sumber Ubalan,"10,13",Sungai,"Ds. Kalasan, Kec. Plosoklaten",Kab. Kediri,Jawa Timur,Rp5.000,https://assets.ayobandung.com/crop/0x0:0x0/750x500/webp/photo/2022/10/20/706845364.jpg,"Daya tarik wisata Sumber Ubalan berupa hutan lindung alami dengan berbagai jenis pohon hutan yang luasnya kurang lebih 10 Ha. disamping itu juga sumber air di tengah hutan yang berhawa sejuk. Kawasan Sumber Ubalan juga menyediakan kolam renang, kolam pancing, panggung terbuka, kolam perahu, restoran, mainan anak-anak, taman yang ditata indah dan asri. Sumber Ubalan terletak ±18 Km (±30 menit) ke timur Kota Kediri atau ±143 km (±3,5 jam) tepatnya di Dusun Kalasan Desa Jarak Kecamatan Plosoklaten, dapat ditempuh dengan berbagai jenis kendaraan."
38,Sumber Gundi,10,Sungai,"Ds. Tanjung, Kec. Pagu",Kab. Kediri,Jawa Timur,Rp0,https://lh3.googleusercontent.com/p/AF1QipNk8bczMuTeJwpn57psi_xnvOqwIlapWILL-l7X=s680-w680-h510,"Sumber Gundi sendiri merupakan wisata air yang berada di Desa Tanjung, Kecamatan Pagu, Kabupaten Kediri. Meskipun lokasinya sedikit tersembunyi dan dikelilingi persawahan tetapi sebenarnya sumber ini dekat dengan jalan raya. Sumber Gundi  ini buka 24 jam, dan untuk masuk pun tidak dipungut biaya. Sumber Gundi sebenarnya bukan untuk pemandian melainkan sumber ini diisi ikan yang mana para pengunjung bisa memberi makan tersebut.Ikan tersebut akan digunakan untuk acara grobyak ikan pada bulan Sura. Grobyak Ikan adalah tradisi turun-temurun memanen ikan yang hanya diadakan pada bulan Sura. Banyak masyarakat yang penasaran dengan sumber ini kemudian datang ke sana setiap ada agenda tersebut. Namun lama kelamaan, banyak pula masyarakat yang datang ke sana hanya untuk menghabiskan waktu. Tempatnya yang sejuk membuat pengunjung betah berlama-lama di sana"
39,Sumber Cakarwesi,10,Sungai,"Kel. Tosaren, Kec. Pesantren",Kab. Kediri,Jawa Timur,Rp0,https://lh3.googleusercontent.com/p/AF1QipMFPx6DELVW9ufNw6P2Bkz9lr5FOT1zuSxVKS9P=s680-w680-h510,"Cakarwesi  adalah sumber mata air yang terletak di Kelurahan Tosaren, Kecamatan Pesantren Kota Kediri. Konon merupakan pintu rahasia untuk masuk ke Keraton Kediri yang digunakan oleh Raden Wijaya saat menyerang tentara Tartar yang sedang berpesta pora kemenangan setelah berhasil mengalahkan prajurit Kediri dan berhasil membunuh Prabu Jayakatwang. Cakarwesi juga menjadi salah satu ruang terbuka hijau. Pepohonan tinggi menjulang dan suasana di sekitarnya yang rindang menjadi daya tarik tersendiri bagi Cakarwesi."
40,Sumber Tapan,10,Sungai,"Ds. Joho, Kec. Wates",Kab. Kediri,Jawa Timur,Rp10.000,https://lh3.googleusercontent.com/p/AF1QipOKY99IYnnLiz3DzAZ8O9dvGuA9j8H5sg4RRu3a=s680-w680-h510,"Sumber Tapan terletak di Desa Joho, Wates, Kabupaten Kediri. Sumber ini memiliki mata air jernih dan tidak pernah kering. Suguhan sumber yang sangat bening perlahan keluar dari sela sela pepohonan besar dan rindang. Saking beningnya hingga warna air hiaju kebiruan. Suasana sejuk juga bakal didapatkan karena kolam dikelilingi oleh pepohonan besar yang berusia ratusan tahun. Untuk fasilitas jangan berharap lebih karena tempat wisata ini belum dijadikan objek wisata secara resmi. Namun warga sudah menyiapkan lahan parkir namun belum ada petugas yang jaga. "
41,Sugih Waras Dukuh,10,Sungai,"Ds. Dukuh, Kec. Ngadiluwih",Kab. Kediri,Jawa Timur,Rp7.000,https://dynamic-media-cdn.tripadvisor.com/media/photo-o/12/b1/c1/1d/img-20180420-wa0004-largejpg.jpg?w=1100&h=-1&s=1,"Sumber Sugih Waras terletak di Desa Dukuh, Kecamatan Ngadiluwih. Tempat wisata yang berada di sisi jalan raya atau tepatnya di Jalan Thamrin, Krajan, Kecamatan Ngadiluwih ini posisinya bersebelahan dengan Kantor Desa Dukuh. Wisata Air Sumber Sugih Waras cukup rekomended untuk dikunjungi bersama keluarga, sebab lokasinya sangat cocok untuk segala usia. Fasilitas yang disediakan oleh pihak pengelola adalah kegiatan Outbond seperti flying fox dan berenang di kolam dengan air yang sangat jernih yang berasal dari sumber mata air. Sedangkan fasilitas lain yang tersedia adalah mushala, kamar mandi, kedai makanan atau cafetaria, pondokan atau gazebo disekitaran kolam renang untuk beristirahat, dan lapangan utama untuk penyelenggaraan acara."
42,Grojogan Duwur Sumbermiri,9,Air Terjun,"Ds. Sumbermiri, Kec. Lengkong",Kab. Nganjuk,Jawa Timur,Rp0,https://lh3.googleusercontent.com/p/AF1QipNCg6dzDG076YxgSEer7x1YsoaJCy1YiejGch42=s680-w680-h510,"Grojogan Duwur Sumbermiri berupa sungai purba yang terbentuk dari batuan kapur, sehingga sangat eksotis dan sebagai wahana permainan air ditengah hutan. Potensi wisata alam ini berada di wilayah kec. Lengkong, ± 35 km arah timur laut kota Nganjuk. Wisata alam yang berada di wilayah administratif Kabupaten Nganjuk ini dikelola oleh BKPH Krondong, KPH Jombang ."
43,Wana Sendang Putri Wilis,9,Air Terjun,"Ds. Ngliman, Kec. Sawahan",Kab. Nganjuk,Jawa Timur,Rp10.000,https://lh3.googleusercontent.com/p/AF1QipPKQu_b1OkTgssAAkhhYAj9Kzq_5H4C28QNJlrt=s680-w680-h510,Sendang Putri Wilis atau yang dikenal juga dengan nama Air Terjun Putri Wilis yang berada di lereng Gunung Wilis ini sering menjadi jujugan para wisatawan yang suka dengan alam. Karena memang untuk mencapai lokasinya anda perlu usaha yang lumayan keras. Medannya agak sedikit berliku dan terjal. Tetapi usaha anda akan terbayar setelah anda sampai ke air terjunnya dan menikmati segarnya air di sana.
44,Air Terjun Sedudo,9,Air Terjun,"Ds. Ngliman, Kec. Sawahan",Kab. Nganjuk,Jawa Timur,Rp15.000,https://1.bp.blogspot.com/-2doNTGF-g6Q/YQq6WGoQB8I/AAAAAAAAQpk/OuSgv-_SRkg5j_TeugmT-FcXbt_YCIvawCLcBGAsYHQ/s2048/sepasangcarrier%2B1.jpg,"Air Terjun Sedudo adalah sebuah air terjun dan objek wisata yang terletak di Desa Ngliman Kecamatan Sawahan, Kabupaten Nganjuk, Jawa Timur. Jaraknya sekitar 30 km arah selatan ibu kota kabupaten Nganjuk. Berada pada ketinggian 1.438 meter dpl, ketinggian air terjun ini sekitar 105 meter. Tempat wisata ini memiliki fasilitas yang cukup baik, dan jalur transportasi yang mudah diakses."
45,Air Terjun Singokromo,9,Air Terjun,"Ds. Ngliman, Kec. Sawahan",Kab. Nganjuk,Jawa Timur,Rp0,https://assets.ayobandung.com/crop/0x0:0x0/750x500/webp/photo/2022/08/23/1849867654.jpg,"Nama SingoKromo sendiri berasal dari kata singo berarti “singa atau harimau” dan kromo yang berarti “kawin”. Konon katanya dahulu tempat ini merupakan tempat berkumpul dan kawinnya harimau di lereng Gunung Wilis, sehingga dikenal angker dan jarang ada manusia yang berani datang kemari. Jalan masuk ke Air Terjun SingoKromo ini terletak di dekat pertigaan yang jalannya menanjak 500 m dari loket masuk ke Air Terjun Sedudo."
46,Waduk Putukrejo,3,Danau,"Ds. Putukrejo, Kec. Loceret",Kab. Nganjuk,Jawa Timur,Rp3.000,https://direktoripariwisata.id/imgunit/6123.jpg,"Obyek wisata Waduk Putukrejo awalnya memang hanya digunakan untuk pengairan sawah warga sekitar saja, namun lama kelamaan menjadi sebuah tempat wisata. Di sana anda bisa melihat-lihat panorama waduk yang unik dan menarik sembari berbincang-bincang seru dengan teman. Atau anda ingin menguji kesabaran dengan memancing. Wahana yang ada di Waduk Putukrejo antara lain, tempat belari, kapal-kapal, bebek-bebekan dan masih banyak lagi."
47,Air Terjun Roro Kuning,9,Air Terjun,"Ds. Bajulan, Kec. Loceret",Kab. Nganjuk,Jawa Timur,Rp10.000,https://www.nativeindonesia.com/foto/2020/11/Air-Terjun-Roro-Kuning.jpg,"Air Terjun Roro Kuning adalah sebuah air terjun yang berada sekitar 27–30 km selatan kota Nganjuk, di ketinggian 600 m dpl dan memiliki tinggi antara 10–15 m. Air terjun ini mengalir dari tiga sumber di sekitar Gunung Wilis yang mengalir merambat di sela-sela bebatuan padas di bawah pepohonan hutan pinus. Kemudian menjadi air terjun yang membentuk trisula. Dan karena proses mengalirnya itulah maka masyarakat Desa Bajulan menamakan air terjun merambat."
48,Kawah Ijen,"1, 3, 5","Gunung, Danau, Campsite","Ds. Kalianyar, Kec. Ijen",Kab. Bondowoso,Jawa Timur,Rp15.000,https://t3.gstatic.com/licensed-image?q=tbn:ANd9GcTiW1p9BqiLpbRxui9eO1W5B-ALIRSz2bo6ryXdttQac89u7bHQjmLcequx6xeZnnPc,Kawah Ijen adalah sebuah wisata alam berupa danau asam yang warnanya hijau kebiruan dengan diameter sekitar 700 meter dan luas mencapai 5.466 hektar. Kawah Ijen memiliki kedalaman hingga 200 meter dan volume danau bisa mencapai 36 juta meter kubik. Danau ini terbentuk secara alami akibat letusan Gunung Ijen yang masih aktif hingga akhirnya membentuk lekukan besar dan menjadi sebuah danau.
49,Gunung Ranti,"1, 5","Gunung, Campsite","Ds. Tamansari, Kec. Licin",Kab. Banyuwangi,Jawa Timur,Rp20.000,https://mepnews.id/wp-content/uploads/2022/03/ranti-4-1024x682.jpg,"Gunung Ranti yang sering disebut sebagai negeri di atas awan karena tebalnya gumpalan pemandangan awan di lokasi pendakian. Wisatawan dapat menikmati keindahan alam yang luar biasa indah dari atas Gunung Ranti. Selain hiking, pengunjung juga bisa berkemah dan menikmati kuliner di Rumah Osing yaitu rumah masyarakat Osing Banyuwangi. Fasilitas yang disediakan di Gunung Ranti diantaranya pusat informasi, pondok kerja, camping ground, tempat bermain anak, shelter, fasilitas penginapan, dan tempat parkir kendaraan luas."
50,Gunung Piramid,1,Gunung,"Ds. Ardisaeng, Kec. Pakem",Kab. Bondowoso,Jawa Timur,Rp50.000,https://asset.kompas.com/crops/O--z4BaerFho6tGA5Vc47s3TIbw=/0x0:0x0/750x500/data/photo/2020/08/09/5f2fafd62b0e1.jpg,"Gunung Piramid memiliki ketinggian 1.521 meter di atas permukaan laut (mdpl). Meskipun memiliki tinggi yang bisa dikatakan tidak seberapa jika dibandingkan gunung lain, akan tetapi Gunung Piramid memiliki medan yang ekstrim. Gunung piramid merupakan sebuah gunung yang masih satu gugus dengan gunung Argopuro. Gunung Piramid disebut demikian lantaran dari kejauhan gunung ini berbentuk segitiga seperti halnya piramida Mesir, sehingga nama Gunung Piramid disematkan."
51,Kawah Wurung,"1, 5","Gunung, Campsite","Ds. Kalianyar, Kec. Ijen",Kab. Bondowoso,Jawa Timur,Rp10.000,https://ksmtour.com/media/images/articles27/Kawah-wurung-bondowoso-jawa-timur.jpg,"Kawah dengan pemandangan padang rumput & bunga liar musiman, populer dengan jalur gunung dan jalur dirt-bike."
52,Gunung Raung,1,Gunung,"Perbatasan Kab. Bondowoso, Kab. Jember, Kab. Banyuwangi","Kab. Bondowoso, Kab. Jember, Kab. Banyuwangi",Jawa Timur,Rp50.000,https://id.wikipedia.org/wiki/Berkas:Mount_Raung_Wikipedia.jpg,"Gunung Raung adalah gunung berapi kerucut yang terletak di ujung timur Pulau Jawa, Indonesia. Secara administratif, kawasan gunung ini termasuk dalam wilayah tiga kabupaten di wilayah Besuki, Jawa Timur, yaitu Banyuwangi, Bondowoso, dan Jember. Secara geografis, lokasi gunung ini berada dalam kawasan kompleks Pegunungan Ijen dan menjadi puncak tertinggi dari gugusan pegunungan tersebut. Dihitung dari titik tertinggi, Gunung Raung merupakan gunung tertinggi ketiga di Jawa Timur setelah Gunung Semeru dan Gunung Arjuno, serta menjadi yang tertinggi keempat di Pulau Jawa. Kaldera Gunung Raung juga merupakan kaldera kering yang terbesar di Pulau Jawa dan terbesar kedua di Indonesia setelah Gunung Tambora di Nusa Tenggara Barat. "
53,Air Terjun Tancak Kembar,9,Air Terjun,"Ds. Andongsari, Kec. Pakem",Kab. Bondowoso,Jawa Timur,Rp5.000,https://i0.wp.com/bondowosotourism.com/wp-content/uploads/2019/11/IMG_0991.jpg?resize=768%2C512&ssl=1,"Wana wisata air terjun Tancak Kembar Andongsari yang terletak di Desa Andongsari Kecamatan Pakem sekitar 25 km arah barat dari kota Bondowoso. Air terjun ini berketinggian 77m, berhawa sejuk dan terdapat pada kawasan hutan lindung. Air Terjun Tancak Kembar memiliki 2 buah air terjun dimana yang satu memiliki debit air lebih besar daripada yang lain. Air terjun dengan debit air besar dikenal sebagai yang “laki-laki” sementara yang lebih kecil dikenal sebagai yang “perempuan”."
54,Bendungan Sampean Baru,16,Situs Purbakala,"Ds. Pandak, Kec. Klabang",Kab. Bondowoso,Jawa Timur,Rp0,https://cdn.idntimes.com/content-images/post/20190102/onyekasetiawan-c768514ccc106015c8885a39f76f9154.jpg,"Bendungan Sungai Sampean Baru adalah sebuah tempat wisata yang terletak di desa Bunotan, kecamatan Tapen, Kabupaten Bondowoso, Jawa Timur. Wisata Bendungan Sungai Sampean Baru menjadi salah satu alternatif apabila berkunjung ke kota yang telah mendeklarasikan dirinya sebagai Republik Kopi, tak hanya itu Bondowoso juga disebut dengan Kota Tape. Tempat Wisata Bendungan Sampean Baru dapat ditempuh antara 20-30 menit dari pusat kota Bondowoso, dan akses jalan menuju tempat wisata ini sudah cukup bagus, serta tidak perlu mengeluarkan uang begitu banyak jika mengunjungi tempat wisata yang satu ini karena kalian hanya akan di pungut biaya parkir untuk memasuki wisata ini."
55,Museum Kereta Api Bondowoso,4,Museum,"Kademangan, Kec. Bondowoso",Kab. Bondowoso,Jawa Timur,Rp0,https://heritage.kai.id/media/museum%20bondowoso%202.jpg?1512975183692,"Museum Kereta Api Bondowoso adalah museum kereta api pertama di Jawa Timur. Awalnya, museum ini merupakan stasiun, yaitu Stasiun Bondowoso (Bo). Stasiun Bondowoso dibangun pada tahun 1893 dan diresmikan pada tanggal 1 Oktober 1897 oleh Staatssporwegen (SS) bersamaan dengan pembukaan jalur kereta api Jember-Kalisat-Bondowoso-Panarukan. Jalur tersebut merupakan kelanjutan dari pembangunan perkeretaapian yang ada yaitu jalur Bangil-Pasuruan-Probolinggo yang beroperasi pada tahun 1884."
56,Kebun Stroberi Afdeling Jampit,11,Kebun,"Ds. Jampit, Kec. Ijen",Kab. Bondowoso,Jawa Timur,Rp3.000,https://direktoripariwisata.id/imgunit/6826.jpg,"Kebun Stroberi Afdeling Jampit berlokasi tidak jauh dari Taman Bunga Villa Afdeling Jampit. Kebun ini merupakan kebun milik PTPN XII yang difungsikan tidak hanya sebagai kebun produksi melainkan juga sebagai sarana agrowisata. Di hari normal, kebun ini sering dijadikan sebagai tempat kunjungan study tour oleh beberapa instansi pendidikan. Di hari libur dan akhir pekan, kebun ini juga selalu ramai dikunjungi oleh wisatawan yang ingin melihat secara langsung bagaimana stroberi ditanam."
57,Rawa Indah Almour,"3, 6","Danau, Taman","Ds. Alas Sumur, Kec. Pujer",Kab. Bondowoso,Jawa Timur,Rp5.000,https://radarjember.jawapos.com/wp-content/uploads/2021/11/WhatsApp-Image-2021-10-19-at-12.53.06.jpeg,"Wisata Almour merupakan wisata desa yang bisa direkomendasikan untuk liburan bareng keluarga. Lokasinya terletak di Desa Alas Sumur, Kecamatan Pujer itu, berjarak sekitar 14 KM dari kota Bondowoso, atau sekitar 20 sampai 25 menit jarak tempuh dengan berkendara."
58,Batu So'on,17,Situs Purbakala,"Ds. Solor, Kec. Cermee",Kab. Bondowoso,Jawa Timur,Rp5.000,https://voinews.id/indonesian/media/k2/items/cache/bf3e1167d3cbb557118788822f0f1556_XL.jpg,"Batu So'on adalah batuan besar yang bertumpuk yang terletak di kecamatan Cerme, Kabupaten Bondowoso. Tinggi Batu So'on berkisar 25 meter. Kata batu so'on diambil dari sebutan masyarakat setempat, yakni Betoh So'on. Arti kata Betoh So'on dalam bahasa Madura adalah batu yang disunggih atau tersusun. Struktur batu so'on ini mirip dengan situs Stonehenge di Salisbury Plain, Wilshire, Inggris. Sehingga, para wisatawan tak perlu lagi jauh-jauh melancong ke negeri Ratu Elizabeth untuk melihat Stonehenge. Datang saja ke Batu So'on atau Stonehenge Van Java di Kota Tape."
59,Pemandangan Arak Arak Bondowoso,"1, 6","Gunung, Taman","Ds. Sumber Canting, Kec. Wringin",Kab. Bondowoso,Jawa Timur,Rp5.000,https://i0.wp.com/bondowosotourism.com/wp-content/uploads/2019/11/1-8.jpg?w=900&ssl=1,"Pemandangan Arak-Arak adalah tempat yang ideal untuk bersantai bersama keluarga maupun teman. Suasana yang sejuk serta pemandangan alam di sisi tebing yang indah membuat pengunjung betah berlama-lama di sana. Dengan lokasi yang strategis di pinggir jalan utama Bondowoso – Besuki, Pemandangan Arak-Arak juga cocok menjadi tempat istirahat bagi para pengendara. Fasilitas lengkap tersedia di sana, mulai dari area parkir, toilet, mushola, sampai arena permainan anak. Pemandangan Alam Arak-Arak merupakan destinasi wisata di Bondowoso yang berbatasan dengan Kabupaten Situbondo, menyuguhkan hamparan pemandangan indah hingga ke Laut Jawa (Kab. Situbondo) dari atas perbukitan dengan ketinggian ± 345 mdpl. Di sisi timur terdapat jembatan yang menjorok ke jurang yang dapat digunakan pengunjung untuk berswafoto dengan latar pemandangan perbukitan yang indah."
60,Tirta Agung,"6, 8","Taman, Kolam Renang","Ds. Sukosari Kidul, Kec. Sumberwringin",Kab. Bondowoso,Jawa Timur,Rp5.000,https://jadesta.kemenparekraf.go.id/imgpost/61088.jpg,Tirta agung merupakan tempat menarik dengan konsepnya yang mengikuti tren tempat wisata kekinian. Banyak objek wisata menawarkan tempat unik untuk berfoto sebagai daya tarik pengunjung. Area waduk ini dikelilingi saung atau gazebo yang bisa digunakan untuk duduk sambil bersantai pengunjung. Menariknya saung tersebut berada di atas air dan untuk menghubungkan satu dengan lainnya dibuatnya jembatan kayu kecil.
61,Bukit Paralayang Megasari,"1, 5","Gunung, Campsite","Ds. Penang, Kec. Botolinggo",Kab. Bondowoso,Jawa Timur,Rp0,https://bondowosotourism.com/wp-content/uploads/slider/cache/d25b66df970ad013210e11cf4ce259ac/Megasari-1.jpg,"Puncak Megasari merupakan puncak dinding kaldera yang menyuguhkan pemandangan kaldera Gunung Ijen purba. Dari Puncak Megasari, pengunjung dapat melihat sejumlah anak gunung Ijen purba, hamparan perkebunan kopi dan tanaman lainnya, hingga perkampungan penduduk di Desa Sempol. Puncak Megasari juga dimanfaatkan sebagai spot take off olahraga paralayang. Banyak pegiat fotografi yang melakukan camping di Puncak Megasari untuk mengambil gambar milky way dan sunrise. Pemandangan sunrise di Puncak Megasari sangat menawan sehingga cocok digunakan sebagai camping ground. Selain dimanfaatkan untuk kegiatan paralayang, Puncak Megasari kerap dikunjungi penggiat olahraga sepeda gunung dan moto trail. Jalur yang cukup ekstreme dan elevasi yang tinggi menjadi tantangan bagi penggiat olahraga tersebut untuk menaklukkannya."
62,Air Terjun Blawan,9,Air Terjun,"Ds. Kalianyar, Kec. Ijen",Kab. Bondowoso,Jawa Timur,Rp0,https://i0.wp.com/bondowosotourism.com/wp-content/uploads/2023/05/Air-Terjun-Blawan-4-scaled.jpg,"Air Terjun Blawan letaknya tidak jauh dari Pemandian Air Panas Blawan. Terletak di Desa Kalianyar, Kecamatan Ijen, Bondowoso. Air terjun Blawan merupakan hilir dari kali pahit rembesan Kawah Ijen yang penuh dengan kadar belerang dan dikelilingi oleh tumbuhan makademia dan lumut. Menariknya, muara alirannya  langsung menuju ke dalam tanah dan pada akhirnya akan bermuara di daerah Asembagus Situbondo. Masyarakat biasanya menyebut air terjun ini dengan air terjun hilang ke bumi. Debitnya yang sangat besar membuat daya tarik tersendiri bagi para wisatawan yang berkunjung ke Air Terjun Blawan."
63,Pemandian Air Panas Blawan,8,Kolam Renang ,"Ds. Kalianyar, Kec. Ijen",Kab. Bondowoso,Jawa Timur,Rp10.000,https://i0.wp.com/bondowosotourism.com/wp-content/uploads/2019/10/IMG_6841.jpg?w=900&ssl=1,"Pemandian ini terletak di jalan menuju Gunung Ijen. Sumber air ini berasal dari sistem geothermal (Panas Bumi). Wisatawan bisa memilih kadar panas pada dua kolam yang disediakan. Ada yang cukup panas dan standart. Kolam pemandian air panas Blawan ini, menjadi jujugan terapi kesehatan. Sebab banyak manfaat yang didapat ketika berendam dengan air panas tersebut. usai turun dari gunung ijen, jangan lewatkan untuk mandi agar tubuh segar kembali. Pemandian Air Hangat Blawan merupakan tujuan yang tepat bagi pengunjung yang menginginkan relaksasi untuk membuat tubuh kembali bugar. Air hangat diyakini memiliki khasiat kesehatan bagi pengunjung yang berendam."
64,Ekowisata Mangrove Wonorejo,"2, 10, 12","Danau, Sungai, Hutan","Ds. Wonorejo, Kec. Rungkut",Kota Surabaya,Jawa Timur,Rp0,https://bappedalitbang.surabaya.go.id/ecobis/upload/wisata/sejarah/detail_42_01.jpg,Hutan Wisata Mangrove Surabaya merupakan wisata yang menggabungkan wisata rekreasi dan edukasi. Di area dengan luas kurang lebih 200 hektar ini ditanami berbagai tanaman bakau. Lokasi wisata ini dikelola dengan baik oleh pemerintah Kota Surabaya. Sehingga wisata ini diminati pengunjung karena tertata rapi dan bersih. Aktivitas wisata yang bisa dilakukan antara lain berkeliling hutan mangrove baik menggunakan perahu atau berjalan kaki . Serta wisata edukasi mengenai ekosistem sekitar.
65,Taman Harmoni Keputih,6,Taman,"Ds. Keputih, Kec. Sukolilo",Kota Surabaya,Jawa Timur,Rp0,,"Tempat tersebut ialah Taman Hatmoni Keputih Surabaya yang memiliki segudang koleksi bunga warna-warni. Dulunya tempat ini merupakan lokasi pembuangan sampah atau TPA, namun kini bertransformasi menjadi sebuah wisata taman yang sangat cantik. Bukan hanya cantik, namun bunga-bunga yang bermekaran di Taman Harmoni terlihat sangat instagramable, sehingga tak heran jika mayoritas pengunjung tempat ini merupakan para kaum kawula muda penggiat sosial media. Lantas berapa sih budget untuk memasuki kawasan Taman Harmoni Surabaya ini? Kamu nggak perlu khawatir, karena harga tiket masuk Taman Harmoni Keputih Surabaya ini gratis. Kamu hanya perlu menyiapkan kocek untuk membayar karcis parkir saja."
66,Air Mancur Menari,6,Taman,"Ds. Kenjeran, Kec. Bulak",Kota Surabaya,Jawa Timur,Rp35.000,,"Jembatan Kenjeran dengan air mancur menarinya sejatinya bukan hanya sebuah jembatan penghubung jalan saja, namun juga dimanfaatkan sebagai destinasi wisata oleh pemerintah kota Surabaya. Posisi air mancur menari sendiri berada di ujung jembatan Kenjeran dekat dengan anjungan penyeberangan atau di Taman Hiburan Pantai (THP). Lokasi ini sangat ramah kaum difabel karena tersedia lift yang dapat mereka gunakan untuk mempermudah perjalanan mereka. Sembari menunggu pertunjukan air mancur menari yang spektakuler di jembatan Kenjeran ini, Anda dapat menikmati pemandangan indah matahari terbenam (sunset) di jembatan ini. Jangan lewatkan untuk berfoto dengan laut lepas yang memesona sebagai latar belakangnya. Anda juga dapat menikmati berbagai kuliner lezat khas Jawa Timur di lokasi ini karena banyak pedagang kaki lima yang berjualan di sini. Berbagai mainan anak-anak pun dijual di lokasi ini. Jadi tidak perlu kuatir bahwa anak-anak akan merasa bosan menunggu pertunjukan air mancur menari yang mereka tunggu-tunggu. Silakan atur jadwal kunjungan Anda untuk menyaksikan taman air mancur menari Kenjeran ini dan buktikan sendiri keindahannya. Pastikan bahwa mobilitas Anda terjamin dengan sewa mobil Surabaya karena di lokasi ini masih minim transportasi online pada malam hari."
67,Taman Prestasi,6,Taman,"Ds. Ketabang, Kec. Genteng",Kota Surabaya,Jawa Timur,Rp0,,"Taman Prestasi Surabaya merupakan salah satu taman yang begitu terkenal di Kota Pahlawan dan banyak dikunjungi, sehingga tak heran jika menjadi tempat favorit bagi keluarga terutama pada saat weekend. di tempat lain juga ada loh nama stadion dan taman yang sama persis dengan yang di Surabaya ini, di Bontang, Kaltim yang punya Stadion dengan nama stadion Taman Prestasi. Jalan Ahmad Yani, Sukarasa, Kota Tangerang, Banten 15111, juga ada sebuah taman bernamaTaman Prestasi persis bukan? Di Jogja juga ada sebuah taman yang serupa bernama Taman Pintar."
68,Monumen Kapal Selam,"4, 6","Museum, Taman","Ds. Embong Kaliasin, Kec. Genteng",Kota Surabaya,Jawa Timur,Rp15.000,,"Monumen Kapal Selam, atau disingkat Monkasel, adalah sebuah museum kapal selam yang terdapat di Embong Kaliasin, Genteng, Surabaya. Terletak di pusat kota, monumen ini sebenarnya merupakan kapal selam KRI Pasopati 410, salah satu armada Angkatan Laut Republik Indonesia buatan Uni Soviet tahun 1952. Kapal selam ini pernah dilibatkan dalam Pertempuran Laut Aru untuk membebaskan Irian Barat dari pendudukan Belanda.\nKapal selam ini kemudian dibawa ke darat dan dijadikan monumen untuk memperingati keberanian pahlawan Indonesia. Monkasel berada di Jalan Pemuda, tepat di sebelah Plaza Surabaya. Selain interior kapal selam, di sini juga diadakan pemutaran film tentang proses peperangan yang terjadi di Laut Aru. Jika ingin mengunjungi tempat wisata ini, maka akan ditemani oleh seorang pemandu lokal yang terdapat di sana.\nAda cerita unik di balik hadirnya monumen Kapal Selam ini. Pada suatu malam Pak Drajat Budiyanto yang merupakan mantan KKM KRI Pasopati 410 (buatan Rusia) ini dan juga mantan KKM KRI Cakra 401 (buatan Jerman Barat), bermimpi diperintahkan oleh KSAL pada waktu itu untuk membawa kapal selam ini melayari Kali Mas. Ternyata mimpi itu menjadi kenyataan. Dia ditugaskan untuk memajang kapal selam di samping Surabaya Plaza. Caranya dengan memotong kapal selam ini menjadi beberapa bagian, kemudian diangkut ke darat, dan dirangkai dan disambung kembali menjadi kapal selam yang utuh."
69,Taman Kunang-Kunang,6,Taman,"Ds. Penjaringan Sari, Kec. Rungkut",Kota Surabaya,Jawa Timur,Rp0,,"Taman Kunang-Kunang di Surabaya ini mempunyai luas 400 meter persegi dan Taman Kunang-Kunang di Surabaya ini diresmikan oleh walikota Surabaya, Ibu Tri Rismaharini pada hari sabtu 28 Oktober 2010. Lokasi Taman Kunang-Kunang di Surabaya ini terletak di Jalan Panjaringan Timur, Panjaringan Sari, Kecamatan Rungkut, Kota Surabaya. Taman Kunang-Kunang di Surabaya ini letaknya persis berada di antara dua bangunan rumah susun dan terdapat tulisan Taman Kunang-Kunang, dengan latar belakang putih. Taman Kunang-Kunang di Surabaya mempunyai banyak fasilitas publik yang cukup lengkap diantaranya adalah lapangan futsal, lapangan basket, dan area bermain untuk anak-anak. Taman Kunang-Kunang di Surabaya ini telah menjadi kawasan bermain di Surabaya untuk semua kalangan, mulai dari anak-anak, remaja, maupun dewasa. Bahkan Taman Kunang-Kunang di Surabaya ini juga tidak jarang dikunjungi oleh para lansia."
70,Taman Buah Surabaya,6,Taman,,Kota Surabaya,Jawa Timur,Rp0,,"Wisata Taman Buah Undaan di Surabaya adalah salah satu tempat wisata yang berada di blok m suturejo utara, kabupaten surabaya, provinsi jawa timur, negara indonesia. Wisata Taman Buah Undaan di Surabaya adalah tempat wisata yang ramai dengan wisatawan pada hari biasa maupun hari liburan. Tempat ini sangat indah dan bisa memberikan sensasi yang berbeda dengan aktivitas kita sehari hari. Wisata Taman Buah Undaan di Surabaya memiliki pesona keindahan yang sangat menarik untuk dikunjungi. Sangat di sayangkan jika anda berada di kota surabaya tidak mengunjungi wisata taman yang mempunyai keindahan yang tiada duanya tersebut. Wisata Taman Buah Undaan di Surabaya sangat cocok untuk mengisi kegiatan liburan anda, apalagi saat liburan panjang seperti libur nasional, ataupun hari ibur lainnya. Keindahan Wisata Taman Buah Undaan di Surabaya ini sangatlah baik bagi anda semua yang berada di dekat atau di kejauhan untuk merapat mengunjungi tempat Wisata Taman Buah Undaan di Surabaya di kota surabaya."
71,Taman Pelangi,6,Taman,,Kota Surabaya,Jawa Timur,Rp0,,"Kalau pelangi biasanya ada di siang hari pasca hujan, maka di Taman Pelangi Yogyakarta pengunjung justru bisa menikmatinya setiap malam hari. Ya, ini lantaran taman ini merupakan Taman Lampion beraneka warna dan rupa. Buka sejak petang, Taman ini memang sangat cocok dijadikan pilihan destinasi rekreasi keluarga saat malam hari. Namun karena merupakan taman outdoor alias terbuka, maka pilihan paling tepat untuk datang ialah saat cuaca tidak hujan."
72,Hutan Bambu Keputih,"6, 12","Taman, Hutan",,Kota Surabaya,Jawa Timur,Rp0,,"Surabaya menjadi kota metropolitan kedua setelah Jakarta. Kepadatan penduduk Surabaya pun cukup tinggi, dan karena terletak di pesisir, suhu kota terasa panas. Meski begitu, masih ada tempat sejuk, teduh, dan asri di tengah Kota Surabaya. Ialah Hutan Bambu Surabaya, tepatnya berada di Keputih. Mendengar nama â€œHutan Bambuâ€, mungkin yang terlintas adalah hutan di pedesaan. Tapi jangan salah, di tengah kota pun dapat terwujud tempat asri seperti ini. Suasananya yang asri membuat pengunjung berbondong-bondong datang ke lokasi ini. Dan sekarang, taman rekreasi ini tengah menjadi favorit pengunjung menghabiskan waktu luang."
73,Taman Keputran,6,Taman,,Kota Surabaya,Jawa Timur,Rp0,,"Ntah, mengapa nama taman ini disebut dengan taman keputran, namun jika dikaitkan dengan lokasi taman, berada di persimpangan jalan Keputran Surabaya. Selain itu, di seberang sungai terdapat juga sebuah taman yang bernama Taman Lalu Lintas Surabaya. Keunikan Taman Keputran dibandingkan dengan taman lainnya adalah adanya lampu yang kerangka tiangnya mirip dengan manusia, dengan gaya pose yang berbeda-beda itu, membuat taman ini terlihat ada sentuhan kreatif dan inovatif. Lampu-lampu itu terang dan indah pada malam hari. Untuknya, taman ini cukup representatif sebagai pilihan mendapatkan tempat tongkrongan yang tenang pada malam hari. Tak hanya itu, jalur pijat refleksi kaki juga tersedia disana. Cocok untuk pengunjung yang ingin mencoba pengobatan refleksi kaki sederhana. Melalui pemahaman tentang jalur refleksi secara mendalam, sebagian orang memilih sarana ini dalam usaha menyembuhkan penyakit."
74,Taman Barunawati,6,Taman,,Kota Surabaya,Jawa Timur,Rp0,,"Taman Barunawati yang lokasinya berada di kota Surabaya bagian utara. Taman yang satu ini bisa menjadi referensi untuk dikunjungi karena cukup recommended terutama bagi warga Surabaya atau bahkan warga luar Surabaya. Layaknya taman pada umumnya, memanglah menjadi tempat berlibur yang paling murah namun ada manfaat tersendiri yang bisa dirasakan oleh pengunjung seperti pikiran jadi tenang. Selain itu kita juga bisa mengajak anak atau anggota keluarga yang masih kecil untuk sekedar bermain di playground yang ada di dalam Taman Barunawati. Taman yang diresmikan pada 9 Oktober 2019 itu sekarang kondisinya nampak indah dan asri sehingga dapat mengalihkan perhatian bagi siapa saja yang melewati jalan Perak Barat Surabaya. Berkunjung ke taman ini pun kita tidak perlu merogoh kocek sepeser pun, namun pengunjung masih dapat menikmati pemandangan dan semua fasilitas yang ada di dalamnya."
75,Kenjeran Park,"2, 6, 14",Situs Purbakala,,Kota Surabaya,Jawa Timur,Rp35.000,,"Kenjeran Park merupakan salah satu tempat wisata kekinian di Surabaya. Tempat wisata ini berlokasi tepat di Jalan Sukolilo, Desa Sukolilo Baru, Kecamatan Bulak, Surabaya, Jawa Timur. Dulunya, Kenjeran Park merupakan tempat yang kumuh dan kurang terawat. Tetapi, tempat ini kembali terawat hingga bertransformasi menjadi destinasi wisata modern dan kekinian di tengah Kota Surabaya. Kenjeran Park terdiri dari beberapa kawasan wisata yang bisa pengunjung pilih. Bagi yang membawa anak-anak dan suka berenang, pengunjung bisa mengunjungi Atlantis Land Kenjeran. Lalu, pengunjung juga bisa menyambangi beberapa tempat yang ikonik dari Kenjeran Park. Salah satunya adalah Pagoda Tian Ti. Pagoda Tian Ti ini punya desain yang terinspirasi dari Pagoda Tian Tan di Beijing, China. Namun, Pagoda Tian Ti terdiri dari tiga lantai dengan diameter 60 meter dan tinggi 58 meter. Tempat ikonik lainnya adalah Patung Buddha 4 Wajah. Patung Buddha memiliki ketinggian 36 meter. Tempat menarik lainnya yang bisa pengunjung sambangi adalah Klenteng Sanggar Agung. Di klenteng ini, pengunjung bisa melihat patung Dewi Kwan Im dan sepasang naga merah keemasan yang langsung menghadap ke pantai."
76,Surabaya North Quay,6,Taman,,Kota Surabaya,Jawa Timur,Rp50.000,,"Surabaya menjadi kota besar yang sering menjadi tempat tujuan wisata. Berbagai tempat belanja dari tradisional hingga modern ada di Ibukota Jawa Timur ini. Namun, apakah tidak bosan wisata belanja saja di Surabaya? Jika bosan, datanglah ke Surabaya North Quay, objek wisata baru di Surabaya. Surabaya North Quay sebenarnya adalah terminal bagi kapal pesiar mewah yang bersandar. Namun, tempat ini sengaja dibenahi supaya dapat menjadi tempat wisata bagi warga Surabaya dan sekitarnya. Bahkan, tak sedikit yang berasal dari luar daerah yang penasaran ingin menikmati pemandangan menakjubkan. Lautan lepas dengan kapal pesiar mewah yang bersandar di terminal ini, menjadi daya tarik utamanya."
77,Kebun Bibit Wonorejo,11,Kebun,,Kota Surabaya,Jawa Timur,Rp0,,"Meskipun namanya kebun bibit, namun kawasan ini rasanya lebih cocok disebut sebagai taman. Kawasan Kebun Bibit Wonorejo ini terbagi menjadi 2 bagian, yaitu Taman Aktif dan Taman Pasif yang total keduanya mempunyai luas sebesar 5.9 hektare. Cuaca panas yang bikin gerah memang paling enak didinginkan dengan berkunjung ke tempat adem. Selain mall, taman kota di Surabaya seperti Kebun Bibit Wonorejo ini juga pilihan yang tepat. Pengunjung akan dimanjakan dengan udara sejuk. Hal ini karena banyaknya pepohonan yang menjulang tinggi."
78,Taman Ekspresi Dan Perpustakaan,"4, 6","Museum, Taman",,Kota Surabaya,Jawa Timur,Rp0,,"Taman Ekspresi Surabaya tidak hanya menyuguhkan taman yang rindang dan asri. Taman di Jalan Gentengkali ini juga punya fasilitas penunjang berupa perpustakaan di sisi barat. Perpustakaan yang dikelola Dinas Perpustakaan dan Kearsipan Kota Surabaya tersebut memiliki 3.412 koleksi buku. Buku-buku yang ada di perpustakaan sangat lengkap dan baru, dari cetakan 2009 sampai terbaru 2019. Mulai buku bahasa, filsafat, psikologi, agama, matematika, ilmu alam, ilmu sosial, keluarga, teknologi, seni, sastra, geografis, sejarah, hingga bacaan untuk anak-anak."
79,Kebun Binatang Surabaya,7,Kebun Binatang ,,Kota Surabaya,Jawa Timur,Rp15.000,,"Kebun Binatang Surabaya (KBS) (Dialek Arekan: Kebon Binatang Suroboyo) adalah salah satu kebun binatang yang populer di Indonesia dan terletak di Surabaya. KBS merupakan kebun binatang yang pernah terlengkap se-Asia Tenggara, di dalamnya terdapat lebih dari 981 spesies satwa yang berbeda yang terdiri lebih dari 2.806 binatang. Termasuk di dalamnya satwa langka Indonesia maupun dunia terdiri dari Mamalia, Aves, Reptilia, dan Pisces."
80,Rumah Batik,4,Museum,"Jl. Margorejo, No. 143",Kota Surabaya,Jawa Timur,Rp0,,"Di rumah batik ini terdapat sekitar 2000 lembar batik yang memiliki ragam corak yang beraneka macam. Aneka batik tersebut terbuat dari berbagai macam jenis bahan yaitu seperti prima, primis, santio, sutra, prishmina dan sarimpit. Tidak hanya kain batik saja yang dapat anda temukan di rumah batik ini melainkan juga ada sarung batik, baju batik, celana batik, rok batik, selendang batik, dan lain sebagainya. Untuk anda yang ingin segera mengunjungi rumah batik di Surabaya ini maka berikut informasi alamat dari rumah batik itu sendiri. Jadi rumah batik tersebut pada mulanya terletak di jalan tambak, dukuh 1, no.4, rt.01, rw.09, kelurahan kapasari, kecamatan genteng, Surabaya. Di tempat ini anda akan melihat berbagai macam batik yang di pajang yaitu mulai dari batik Surabaya, bangkalan, sidoarjo, sumenep, mojokerto, ponorogo, tuban, jombang, dan bojonegoro. Karena koleksi yang di miliki di rumah batik Surabaya ini sangat beragam tentu saja membuat banyak pengunjung yang ingin datang ke lokasi ini. Setelah itu rumah batik ini di pindah di lokasi jalan margorejo, no. 143, Surabaya."
81,Ciputra Waterpark,8,Kolam Renang ,,Kota Surabaya,Jawa Timur,Rp95.000,," Bermain air di waterpark memang bisa menjadi alternatif rekreasi kaum urban di berbagai kota besar. Tidak hanya Jakarta, Surabaya sebagai salah satu kota metropolis di Indonesia juga sudah mulai bergeliat membangun tempat rekreasi keluarga. Salah satunya waterpark yang bisa menjadi tujuan wisata keluarga adalah Ciputra Waterpark Surabaya. Berlokasi di Waterpark Boulevard, Citraland The Singapore of Surabaya, Surabaya, waterpark yang berdiri di areal seluas 5 hektar menawarkan beragam aktivitas dan atraksi menarik. Tidak salah jika waterpark yang satu ini mengklaim sebagai water attraction terbesar Indonesia."
82,Masjid Muhammad Cheng Hoo,14,Religi,,Kota Surabaya,Jawa Timur,Rp0,,"Masjid Cheng Hoo Surabaya adalah Masjid bernuansa Muslim Tionghoa yang berlokasi di Jalan Gading, Ketabang, Genteng, Surabaya atau 1.000 m utara Gedung Balaikota Surabaya. Masjid ini didirikan atas prakarsa para sespuh, penasehat, pengurus PITI, dan pengurus Yayasan Haji Muhammad Cheng Ho Indonesia Jawa Timur serta tokoh masyarakat Tionghoa di Surabaya. Pembangunan masjid ini diawali dengan peletakkan batu pertama 15 Oktober 2001 bertepatan dengan Isra' Mi'raj Nabi Muhammad SAW. Sedangkan pembangunannya baru dilaksanakan 10 Maret 2002 dan baru diresmikan pada 13 Oktober 2002. Masjid Cheng Ho, atau juga dikenal dengan nama Masjid Muhammad Cheng Ho Surabaya, ialah bangunan masjid yang menyerupai kelenteng (rumah ibadah umat Tri Dharma). Gedung ini terletak di areal komplek gedung serba guna PITI (Pembina Imam Tauhid Islam) Jawa Timur Jalan Gading No.2 (Belakang Taman Makam Pahlawan Kusuma Bangsa), Surabaya. Masjid ini didominasi warna merah, hijau, dan kuning. Ornamennya kental nuansa Tiongkok lama. Pintu masuknya menyerupai bentuk pagoda, terdapat juga relief naga dan patung singa dari lilin dengan lafaz Allah dalam huruf Arab di puncak pagoda. Di sisi kiri bangunan terdapat sebuah beduk sebagai pelengkap bangunan masjid.Selain Surabaya di Palembang juga telah ada masjid serupa dengan nama Masjid Cheng Ho Palembang atau Masjid Al Islam Muhammad Cheng Hoo Sriwijaya Palembang. Nama masjid ini merupakan bentuk penghormatan pada Cheng Ho, Laksamana asal Cina yang beragama Islam. Dalam perjalanannya di kawasan Asia Tenggara, Cheng Ho bukan hanya berdagang dan menjalin persahabatan, juga menyebarkan agama Islam."
83,Masjid Nasional Al-Akbar,14,Religi,,Kota Surabaya,Jawa Timur,Rp0,,"Masjid Nasional Al Akbar (atau biasa disebut Masjid Agung Surabaya) ialah masjid terbesar kedua di Indonesia yang berlokasi di Kota Surabaya, Jawa Timur setelah Masjid Istiqlal di Jakarta. Posisi masjid ini berada di wilayah Kelurahan Pagesangan, Kecamatan Jambangan, Surabaya dan tepat di samping Jalan Tol Surabaya-Gempol. Ciri yang mudah dilihat adalah kubahnya yang besar didampingi 4 kubah kecil yang berwarna biru. Serta memiliki satu menara yang tingginya 99 meter. Masjid Nasional Al-Akbar Surabaya dibangun sejak tanggal 4 Agustus 1995, atas gagasan Wali Kota Surabaya saat itu, H. Soenarto Soemoprawiro. Pembangunan Masjid ini ditandai dengan peletakan batu pertama oleh Wakil Presiden RI Try Sutrisno. Namun karena krisis moneter pembangunannya dihentikan sementara waktu. Tahun 1999, masjid ini dibangun lagi dan selesai tahun 2001. Pada 10 November 2000, Masjid ini diresmikan oleh Presiden RI KH. Abdurrahman Wahid."
84,Museum TNI AL Loka Jala Crana,4,Museum,,Kota Surabaya,Jawa Timur,Rp2.000,,"Museum Loka Jala Crana berdiri pada tanggal 19 September 1969 oleh Ibu R. Mulyadi, isteri panglima Angkatan Laut Laksamana R. Moeljadi, dengan nama Museum Akabri Laut. Pada tahun 1973, tepatnya pada tanggal 10 Juli 1973, statusnya ditingkatkan menjadi Museum TNI Angkatan Laut. Selanjutnya tanggal 6 Oktober 1979 namanya berubah kembali menjadi Museum TNI Angkatan Laut Loka Jala Crana. Loka jala Crana berarti tempat untuk menyimpan, mengabadikan dan menyajikan peralatan atau sarana yang dipergunakan oleh TNI Angkatan Laut. Di dalam museum ini terdapat beberapa koleksi peralatan pertempuran Angkatan Laut, disamping itu juga satu koleksi berupa planetarium dan astronavigasi. Museum ini menyuguhkan dan menyelamatkan objek benda-benda bersejarah yang pernah dimiliki serta dipakai oleh prajurit-prajurit TNI Angkatan Laut sejak dari zaman revolusi fisik hingga saat ini, di antaranya berupa berbagai jenis meriam kapal perang, pesawat, helikopter, artileri medan, replica KRI Dewaruci. Ada juga benda bersejarah lain seperti meriam kapal ""HRMS De Zeven Provencien""."
85,Museum De Javasche Bank,4,Museum,,Kota Surabaya,Jawa Timur,Rp5.000,,"Museum Bank Indonesia (Bahasa Indonesia: Museum Bank Indonesia) adalah museum bank yang terletak di Surabaya, Indonesia. Secara resmi didirikan oleh Bank Indonesia dan dibuka pada 27 Januari 2012 setelah direstorasi. Museum ini menempati gedung yang dulunya bernama De Javasche Bank, bank sentral Hindia Belanda. Setelah Kemerdekaan Indonesia gedung ini terus berfungsi sebagai kantor cabang Bank Indonesia di Surabaya hingga tahun 1973. Museum tutup pada hari Senin dan hari libur nasional. Tidak ada biaya masuk."
86,Keraton Surabaya,4,Museum,,Kota Surabaya,Jawa Timur,Rp0,,"Kawasan yang berjuluk Kampung Keraton ini terdiri dari empat gang. Gang ini rata-rata berukuran sempit, lebarnya 2 hingga 3 meter. Saking sempitnya, pengendara sepeda motor terkadang turun dari kendaraan dan harus berjalan kaki. Sementara, panjang jalan sekitar 200 meter. Memang, tak banyak sisa peninggalan Keraton Surabaya ini. Yang tampak kini adalah sisa bangunan peninggalan kolonial Belanda. Kampung Keraton saat ini merupakan salah satu kawasan perdagangan yang sangat ramai di Surabaya, utamanya di Jalan Kramat Gantung. Segala macam kebutuhan rumah tangga dijual di jalan ini."
87,Klenteng Sanggar Agung,14,Religi,,Kota Surabaya,Jawa Timur,Rp10.000,,"Kelenteng Sanggar Agung atau Klenteng Hong San Tang adalah sebuah klenteng di Kota Surabaya. Alamatnya berada di Jalan Sukolilo Nomor 100, Pantai Ria Kenjeran, Surabaya. Kuil ini, selain menjadi tempat ibadah bagi pemeluk Tridharma, juga menjadi tempat tujuan wisata bagi para wisatawan. Klenteng ini dibuka pada tahun 1999.\nCiri khas dari klenteng ini adalah sebuah patung Kwan Im setinggi 20 meter yang terletak di tepi laut. Klenteng ini dipersembahkan kepada Nan Hai Guan Shi Yin Pu Sa atau Bodhisatwa Kwan Im Laut Selatan. Patung ini dibangun setelah seorang karyawan Sanggar Agung melihat sesosok wanita berjubah putih berjalan di atas air pada saat ia sedang menutup Klenteng di malam hari. Penampakan tersebut dipercaya sebagai penampakan Kwan Im sendiri. Ikon lain dari Sanggar Agung adalah patung Phra Phrom raksasa berlapis emas."
88,Museum Sepuluh Nopember Kota Surabaya,4,Museum,,Kota Surabaya,Jawa Timur,Rp5.000,,"Museum Sepuluh November Surabaya adalah salah satu museum yang terletak di Kota Surabaya, dibangun pada tahun 1945. Museum ini dibangun dengan tujuan untuk mempelajari dan memperdalam peristiwa Pertempuran Sepuluh November 1945, Museum Sepuluh November beralamat di Jalan Pahlawan, Surabaya."
89,Monumen Tugu Pahlawan,6,Taman,,Kota Surabaya,Jawa Timur,Rp0,,"Tugu Pahlawan (bahasa Indonesia: Tugu Pahlawan) adalah sebuah monumen di Surabaya, Indonesia. Itu adalah lambang utama kota yang didedikasikan untuk orang-orang yang tewas dalam Pertempuran Surabaya pada 10 November 1945. Museum 10 November terletak di bawah monumen. Monumen ini memiliki tinggi 41,15 meter dan berbentuk lingga. Dibangun untuk memperingati peristiwa 10 November 1945 di Pertempuran Surabaya. Itu adalah tempat setiap 10 November untuk memperingati peristiwa 1945, ketika banyak pahlawan tewas dalam perang kemerdekaan. Peletakan batu pertama dipimpin oleh Soekarno, Presiden Indonesia pertama, didampingi Walikota Surabaya, Doel Arnowo pada 10 November 1951. Diresmikan setahun kemudian, juga oleh Soekarno, pada 10 November 1952 disaksikan oleh Walikota Surabaya, R. Moestadjab Soemowidigdo. Museum 10 November dibangun untuk menjelaskan makna di balik Tugu Pahlawan. Bangunannya terdiri dari 2 lantai, dengan pameran yang melambangkan semangat perjuangan masyarakat Surabaya. Ada auditorium di lantai satu. Museum ini berisi reproduksi foto-foto dokumenter, dan terdapat diorama yang menyajikan delapan peristiwa yang terjadi sekitar bentrokan 10 November 1945."
90,Surabaya Museum (Gedung Siola),4,Museum,,Kota Surabaya,Jawa Timur,Rp0,,"Saat ini Museum Surabaya Siola menjelma menjadi sebuah destinasi wisata sejarah yang unik dan menarik untuk dikunjungi. Bukan hanya menyuguhkan cerita masa lampau yang ditampilkan dengan berbagai macam bentuk, Museum Surabaya Siola juga menjadi tempat incaran untuk berburu foto. Bagi pengunjung yang ingin mendatangi Museum Surabaya Siola ini maka tidak harus membayar tiket masuk alias gratis. Siapa saja boleh masuk kedalam Museum Surabaya Siola, karena tempat ini terbuka untuk semua kalangan mulai dari anak-anak sampai dewasa. Manjajal Museum Surabaya untuk dijadikan sebagai destinasi wisata akhir pekanmu sepertinya tidak ada salahnya. Selain bisa mempelajari sejarah Kota Pahlawan, kamu pun akan mendapatkan ilmu pengetahuan yang bermanfaat."
91,Museum Kesehatan Dr. Adhyatma,4,Museum,,Kota Surabaya,Jawa Timur,Rp10.000,,"Museum Kesehatan Dr. Adhyatma, MPH adalah museum kesehatan yang dirintis Pemerintah indonesia melalui Departemen Kesehatan pada tanggal 16 Desember 2003. Museum Kesehatan Puslitbang Pelayanan dan Tehnologi kesehatan (PUSLITBANG YANTEKKES) diresmikan oleh Menteri Kesehatan pada tanggal 14 September 2004, sehingga diberi nama Museum Kesehatan Dr. Adhyatma, MPH.Museum Kesehatan Dr. Adhyatma, MPH, berlokasi di Jl. Indrapura 17 Surabaya Jawa Timur."
92,Monumen Jalesveva Jayamahe,6,Taman,,Kota Surabaya,Jawa Timur,Rp0,,"Monumen Jalesveva Jayamahe atau Monjaya adalah sebuah monumen yang terletak di Kota Surabaya, Jawa Timur. Monumen ini menggambarkan sosok Perwira TNI Angkatan Laut berbusana Pakaian Dinas Upacara (PDU) lengkap dengan pedang kehormatan yang sedang menerawang ke arah laut, serasa siap menantang gelombang dan badai di lautan, begitu pula yang ingin di perlihatkan bahwa angkatan laut Indonesia siap berjaya. Patung tersebut berdiri di atas bangunan dan tingginya mencapai 30,6 meter. Monumen Jalesveva Jayamahe menggambarkan generasi penerus bangsa yang yakin dan optimis untuk mencapai cita-cita bangsa Indonesia.Monumen Jalesveva Jayamahe ini juga sesuai dengan motto angkatan laut Jalesveva Jayamahe yang berarti, Di Laut Kita Berjaya. Monumen ini dibangun pada tahun 1993 oleh Pemimpin Kepala Staf TNI Angkatan Laut Maritim Indonesia yang kemudian dilanjutkan dengan Laksamana TNI Muhamad Arifin dan dirancang oleh I Nyoman Nuarta. Selain sebagai monumen, bangunan ini juga difungsikan sebagai mercusuar bagi kapal-kapal yang ada di laut sekitar."
93,Patung Sura dan Buaya,6,Taman,,Kota Surabaya,Jawa Timur,Rp0,,Patung Sura dan Baya (Jawa: Patung Suro lan Boyo) adalah sebuah patung yang merupakan lambang kota Surabaya. Patung ini berada di depan Kebun Binatang Surabaya. Patung ini terdiri atas dua hewan ini yang menjadi inspirasi nama kota Surabaya: ikan sura (hiu) dan baya (buaya).
94,Pantai Ria Kenjeran,2,Pantai ,,Kota Surabaya,Jawa Timur,Rp15.000,,"Obyek wisata Pantai Ria Kenjeran Surabaya merupakan salah satu destinasi wisata ketika mengujungi kota Surabaya. Pantai ini termasuk salah satu wisata andalan kota Surabaya yang selalu ramai pengunjung. Lokasi Pantai Ria Kenjeran terletak di Kecamatan Kenjeran Timur Surabaya, Propinsi Jawa Timur. Kawasan Pantai Ria Kenjeran ini sudah terkenal dengan berbagai wahana dan tempat rekreasi keluarga khususnya bagi warga Kenjeran. Pantai yang juga mendapatkan julukan sebagai Kenpark ini berdekatan dengan Jembatan Suramadu. Pantai Kenjeran biasanya dimanfaatkan masyarakat sekitar untuk melepas penat dari rutinitas setiap hari. Banyak juga wisatawan yang juga berwisata ke pantai ini. Pantai yang terletak tak begitu jauh dari pusat Kota Surabaya ini juga buka setiap hari selama 24 jam, jadi tidak perlu khawatir jika Anda ingin berkunjung kapan saja. Pantai ini memiliki fasilitas yang cukup lengkap, seperti arena bermain untuk anak yang disebut Kya kya Seaside, ada juga Pagoda Tuan Ti, jembatan kayu dengan gazebo untuk bersantai dan foto. Ada juga waterpark dan area bermain anak di sekitar pantai ini. Juga terdapat persewaan perahu yang dapat dinaiki oleh para pengunjung untuk menikmati keindahan Pantai Ria Kenjeran dari area pesisir laut dengan tarif sekitar Rp 5.000,-."
95,Waterpark Kenjeran Surabaya,8,Kolam Renang ,,Kota Surabaya,Jawa Timur,Rp35.000,,Waterpark Kenjeran Surabaya merupakan wisata keluarga dengan permainan air dan olahraga renang. Terdapat berbagai wahana menarik bagi keluarga dan anak-anak. Berlokasi tidak jauh dari kawasan wisata pantai kenjeran dan Atlantis Land Kenjeran. Suasana pepohonan di sekitar area kolam renang memberikan kesan yang teduh di kolam. Terdapat bangunan dengan bentuk istana negeri dongeng yang menghiasi. Dengan warna-warni khas buku cerita anak.
96,Patung Buddha Empat Rupa,6,Taman,,Kota Surabaya,Jawa Timur,Rp0,,"Terletak di sudut Pantai Ria Kenjeran, Patung Buddha Empat Rupa ini sering digunakan oleh pemuda-pemudi setempat untuk tempat nongkrong dan berkumpul. Dibangun mulai tahun 2003 dan mempunyai lahan sekitar 1,5 hektare dan berukuran 9Ã—9 meter membuatnya menghabiskan sekitar Rp 4 Milyar dalam pembuatannya. Dan patung ini semakin megah karena dilapisi oleh emas murni yang diimpor langsung dari Thailand. Bangunan ini dikelilingi oleh 4 pilar, yaitu pilar hijau dan pilar emas. Empat wajah yang terdapat di patung ini menggambarkan empat sifat yang baik dari Buddha, yaitu pengasih, murah hati, adil, dan meditasi. Selain melihat patung Buddha ini, jika Kamu berkunjung ke sini maka Kamu akan melihat beberapa patung gajah yang ada di sekeliling patung Buddha ini. Dan menariknya, patung ini dianggap MURI sebagai patung tertinggi di Indonesia."
97,Monumen Bambu Runcing Surabaya,6,Taman,,Kota Surabaya,Jawa Timur,Rp0,,"Monumen Bambu Runcing adalah ikon pariwisata Surabaya yang berhubungan dengan situs sejarah perjuangan bangsa. Monumen ini terdiri dari 5 pilar dan memiliki tinggi yang tidak sama dan dibentuk seperti bambu runcing. Sayangnya, tidak ada estimasi yang tepat tentang tinggi pada masing-masing pilar. Pada waktu tertentu, akan ada air yang mengalir keluar dari bambu runcing, layaknya air mancur. Selain itu, monumen ini dikelilingi oleh taman kecil yang penuh dengan beragam tanaman hias. Monumen Bambu Runcing ini terletak di jantung kota Surabaya, di tengah ramainya lalu lintas jalan Panglima Sudirman. Para pengunjung yang datang ke Surabaya akan langsung mengenali keberadaan monumen ini saat melintasinya. Monumen ini juga dekat dengan Kebun Binatang Surabaya, Tunjungan Plaza, Surabaya Plaza dan Tugu Pahlawan Surabaya."
98,House of Sampoerna,4,Museum,,Kota Surabaya,Jawa Timur,Rp0,,"House of Sampoerna adalah sebuah museum tembakau dan markas besar Sampoerna yang terletak di Surabaya. Gaya arsitektur dari bangunan utamanya yang dipengaruhi oleh gaya kolonial Belanda dibangun pada 1862 dan sekarang menjadi situs sejarah. Sebelumnya dipakai sebagai panti asuhan yang diurus oleh Belanda, tempat tersebut dibeli pada 1932 oleh Liem Seeng Teeâ€š pendiri Sampoernaâ€š dengan tujuan dipakai sebagai fasilitas produksi rokok besar pertama Sampoerna."
99,Atlantis Land Surabaya,8,Kolam Renang ,,Kota Surabaya,Jawa Timur,Rp125.000,,"Sejak diresmikan pada bulan Desember 2017, Atlantis Land Kenjeran Surabaya sudah sukses mendatangkan banyak pengunjung. Taman wisata air ini menjadi taman air terbesar di Kota Surabaya. Lokasinya terletak satu wilayah dengan Kenjeran Park, atau familiar disebut Ken Park. Tepatnya di Jalan Pantai Ria Kenjeran, Sukolilo Baru, Bulak, Surabaya, Jawa Timur. Taman wisata air ini memiliki luas sekitar 15 hektar dengan desain asli milik arsitek Australia. Tema yang diambil untuk taman wisata air ini adalah istana bawah laut. Dengan tema tersebut, gerbang masuk Atlantis Land Kenjeran Surabaya memiliki dinding bangunan utama berwarna biru. Dinding utama tersebut dihiasi dengan garis-garis menyerupai ombak berwarna putih. Atapnya berwarna kuning kecokelatan dan menjulang tinggi bagai istana. Di kedua sisi bangunan utama, terdapat bangunan berdinding cokelat dengan ornamen belahan kayu. Bangunan ini memberi kesan bagaikan kapal pesiar yang belum rampung dibuat. Sebuah patung neptunus berwarna kuning juga terlihat menghiasi salah satu sudut tembok taman ini. Dekorasi yang ada di Atlantis Land Kenjeran akan memberi suasana bagaikan berada di sebuah kastil."
100,Taman Hiburan Rakyat,6,Taman,,Kota Surabaya,Jawa Timur,Rp5.000,,Taman Hiburan Rakyat atau THR tentunya sudah tak asing lagi bagi masyarakat Surabaya. Taman ini berletak di belakang Taman Remaja Surabaya (TRS) dan juga ada di belakang Hi-Tech Mall. THR biasanya digunakan untuk pertunjukan kesenian daerah. Taman ini menjadi ikon Surabaya karena sejarahnya yang cukup menarik.
101,Taman Mundu,6,Taman,,Kota Surabaya,Jawa Timur,Rp0,,"Taman Mundu merupakan salah satu taman atau ruang terbuka hijau terutama bagi warga kota Surabaya, taman ini lebih tepatnya berada di Jl. Tambaksari atau berada di seberang Stadion Gelora Sepuluh November Tambaksari Surabaya. Taman Mundu dibangun menempati area seluas 4.800 meter persegi dan pembangunannya diresmikan pada 10 Juli 2010. Taman yang cantik ini mempunyai berbagai fasilitas yang bisa dinikmati dan digunakan oleh warga Surabaya atau siapapun yang mengunjungi taman ini, diantarnya fasilitas arena bermain bagi anak-anak,"
102,Museum Mpu Tantular,4,Museum,Kec. Buduran,Kab. Sidoarjo,Jawa Timur,Rp2.000,,"Museum Negeri Mpu Tantular adalah sebuah museum negeri yang berlokasi di kecamatan Buduran, Sidoarjo, Jawa Timur. Awalnya, museum ini bernama Stedelijk Historisch Museum Soerabaia, didirikan oleh Godfried von Faber pada tahun 1933 dan diresmikan pada tanggal 25 Juli 1937. Saat ini, museum ini dikelola oleh Unit Pelaksana Teknis pada Departemen Kebudayaan dan Pariwisata."
103,Taman Bungkul,6,Taman,,Kota Surabaya,Jawa Timur,Rp0,,"Taman Bungkul adalah taman wisata kota yang terletak di pusat kota Surabaya, tepatnya di Jalan Raya Darmo. Taman ini berdiri di area seluas 900 meter persegi. Dilengkapi berbagai fasilitas penunjang, seperti amfiteater berdiameter 33 meter, lajur joging, lahan papan luncur, taman bermain anak-anak, air mancur, dan pujasera. Selain itu, taman ini juga dilengkapi akses internet nirkabel yang terbuka untuk umum sehingga siapapun bisa mengakses internet selama di taman ini. Letaknya yang berada di jantung Kota Surabaya membuat taman ini tidak hanya berfungsi sebagai lahan hijau saja, tetapi juga sebagai destinasi wisata yang populer di Surabaya."
104,Taman Air Mancur Menari Kenjeran,6,Taman,,Kota Surabaya,Jawa Timur,Rp0,,"Air mancur menari atau dancing fountain juga ada di kawasan jembatan kenjeran Surabaya. Air mancur ini di buat bersamaan dengan pembuatan jembatan kenjeran, di resmikan pada tanggal 9 juli 2016 lalu. Sejak diresmikannya air mancur dan jembatan yang membentang di atas laut dengan panjang 800 meter ini menjadi tujuan wisata bagi warga Surabaya dan sekitarnya. Dancing fountain yang indah tidak lepas dari komponen-komponen yang bekerja di dalamnya seperti nozzle sebagai tempat keluarnya air, dari nozzle inilah semburan air bisa berubah ubah. Air yang keluar di dorong oleh pompa air mancur yang mendorong dari tempat rendah ke tempat lebih tinggi. Pemilihan lampu yang tepat akan menambah kualitas pencahayaan lebih terang, sebaiknya menggunakan underwater led atau waterproof led karena lampu ini bersifat tahan air. Tentu akan menambah tampilan air mancur menari lebih memikat."
105,Taman Flora Bratang Surabaya,6,Taman,,Kota Surabaya,Jawa Timur,Rp0,,Taman Flora adalah salah satu taman kota di Surabaya yang merupakan fasilitas publik dari Pemkot setempat. Sehingga tempat ini memang sengaja dibuat untuk dinikmati oleh khalayak umum. Karena taman ini merupakan fasilitas publik yang didirikan oleh Pemkot Surabaya maka bagi siapa saja jika ingin memanfaatkan taman kota ini tidak perlu membayar tiket masuk alias gratis.
106,Gereja Perawan Maria Tak Berdosa Surabaya,14,Religi,,Kota Surabaya,Jawa Timur,Rp10.000,,"Gereja Katolik Kelahiran Santa Perawan Maria merupakan salah satu gereja tua di kota Surabaya, Jawa Timur, Indonesia. Berlokasi di Jalan Kepanjen, Surabaya, bangunan religius ini berdampingan dengan gedung SMA Katolik Frateran Surabaya."